DBN,school_name,Num of SAT Test Takers,SAT Critical Reading Avg. Score,SAT Math Avg. Score,SAT Writing Avg. Score,avg_sat_score,AP Test Takers,Total Exams Taken,Number of Exams with scores 3 4 or 5,exams_per_student,high_score_percent,avg_class_size,frl_percent,total_enrollment,ell_percent,sped_percent,selfcontained_num,asian_per,black_per,hispanic_per,white_per,male_per,female_per,Total Cohort,grads_percent,dropout_percent,boro,lat,long
01M292,HENRY STREET SCHOOL FOR INTERNATIONAL STUDIES,29,355,404,363,1122,2.5,NA,NA,NA,NA,23,88.6,422,22.3,24.9,35,14,29.1,53.8,1.7,61.4,38.6,78,55.1,14.1,Manhattan,40.7137639470004,-73.98526003999967
01M448,UNIVERSITY NEIGHBORHOOD HIGH SCHOOL,91,383,423,366,1172,39,49,10,1.2564102564102564,20.408163265306122,22,71.8,394,21.1,21.8,10,29.2,22.6,45.9,2.3,57.4,42.6,124,42.7,16.1,Manhattan,40.712331851,-73.98479662499966
01M450,EAST SIDE COMMUNITY SCHOOL,70,377,402,370,1149,19,21,NA,1.105263157894737,NA,21,71.8,598,5,26.4,19,9.7,23.9,55.4,10.4,54.7,45.3,90,77.8,5.6,Manhattan,40.72978268700046,-73.98304144099967
01M458,FORSYTH SATELLITE ACADEMY,7,414,401,359,1174,2.5,NA,NA,NA,NA,23,72.8,224,4,8.9,0,2.2,34.4,59.4,3.6,43.3,56.7,NA,NA,NA,NA,NA,NA
01M509,MARTA VALLE HIGH SCHOOL,44,390,433,384,1207,2.5,NA,NA,NA,NA,24,80.7,367,11.2,25.9,36,9.3,31.6,56.9,1.6,46.3,53.7,84,56,6,Manhattan,40.72056907900048,-73.98567269099965
01M515,LOWER EAST SIDE PREPARATORY HIGH SCHOOL,112,332,557,316,1205,24,26,24,1.0833333333333333,92.3076923076923,23,NA,NA,NA,NA,NA,NA,NA,NA,NA,NA,NA,193,54.4,18.1,NA,NA,NA
01M539,"NEW EXPLORATIONS INTO SCIENCE, TECHNOLOGY AND MATH HIGH SCHOOL",159,522,574,525,1621,255,377,191,1.4784313725490197,50.663129973474796,26,23,1613,0.2,2.7,0,27.8,11.7,14.2,44.9,49.2,50.8,46,100,0,Manhattan,40.71872545100046,-73.97942638599966
01M650,CASCADES HIGH SCHOOL,18,417,418,411,1246,2.5,NA,NA,NA,NA,22,69.8,218,3.2,6.9,0,0.5,45.4,49.5,4.1,39.9,60.1,89,55.1,6.7,NA,NA,NA
01M696,BARD HIGH SCHOOL EARLY COLLEGE,130,624,604,628,1856,2.5,NA,NA,NA,NA,21,18,617,0.2,0.8,0,15.1,15.1,18.2,49.8,31.3,68.7,139,96.4,0.7,Manhattan,40.71896161700044,-73.97606602099967
02M047,47 THE AMERICAN SIGN LANGUAGE AND ENGLISH SECONDARY SCHOOL,16,395,400,387,1182,2.5,NA,NA,NA,NA,16,66.9,174,8,32.2,10,1.7,32.2,59.2,6.3,42.5,57.5,25,76,4,Manhattan,40.73859908700046,-73.98251191099968
02M288,FOOD AND FINANCE HIGH SCHOOL,62,409,393,392,1194,2.5,NA,NA,NA,NA,23,68.4,433,2.1,18.5,4,3,44.1,47.6,4.8,45,55,102,89.2,2.9,Manhattan,40.7650267080004,-73.99251657799965
02M294,ESSEX STREET ACADEMY,53,394,384,378,1156,2.5,NA,NA,NA,NA,15,60.8,343,3.8,20.4,2,4.1,27.7,60.6,7.6,53.4,46.6,89,71.9,10.1,Manhattan,40.7168672240004,-73.98953194299963
02M296,HIGH SCHOOL OF HOSPITALITY MANAGEMENT,58,374,375,362,1111,2.5,NA,NA,NA,NA,23,72.4,419,9.5,14.8,17,5.3,26.5,66.1,2.1,32.2,67.8,75,77.3,6.7,Manhattan,40.7650267080004,-73.99251657799965
02M298,PACE HIGH SCHOOL,85,423,438,432,1293,21,21,NA,1,NA,21,56.7,414,2.2,13.8,3,10.1,32.4,42,3.9,43.7,56.3,92,84.8,4.3,Manhattan,40.71641239300049,-73.99267584399968
02M300,"URBAN ASSEMBLY SCHOOL OF DESIGN AND CONSTRUCTION, THE",48,404,449,416,1269,99,117,10,1.1818181818181819,8.547008547008547,23,75.3,431,10.9,20,12,6,29.2,59.2,4.9,74.9,25.1,80,61.3,8.800000000000002,Manhattan,40.7650267080004,-73.99251657799965
02M303,"FACING HISTORY SCHOOL, THE",76,353,358,340,1051,42,44,NA,1.0476190476190477,NA,22,75.6,451,20.8,21.7,9,0.7,23.5,73.2,2.4,50.6,49.4,71,47.9,19.7,Manhattan,40.7650267080004,-73.99251657799965
02M305,"URBAN ASSEMBLY ACADEMY OF GOVERNMENT AND LAW, THE",50,375,388,385,1148,25,37,15,1.48,40.54054054054054,21,68.3,312,6.1,17,5,3.8,41.7,50.6,3.5,43.9,56.1,61,75.4,16.4,Manhattan,40.7168672240004,-73.98953194299963
02M308,LOWER MANHATTAN ARTS ACADEMY,40,403,392,405,1200,2.5,NA,NA,NA,NA,23,62.2,336,3.9,24.7,3,9.5,30.7,55.7,3.6,39.9,60.1,68,67.6,8.800000000000002,Manhattan,40.7168672240004,-73.98953194299963
02M313,"JAMES BALDWIN SCHOOL, THE: A SCHOOL FOR EXPEDITIONARY LEARNING",69,408,390,390,1188,2.5,NA,NA,NA,NA,22,51,248,4.8,12.9,1,4,34.3,54.4,6.5,52.4,47.6,79,51.9,15.2,NA,NA,NA
02M316,"URBAN ASSEMBLY SCHOOL OF BUSINESS FOR YOUNG WOMEN, THE",42,373,370,384,1127,2.5,NA,NA,NA,NA,26,74.9,378,2.6,15.6,2,3.4,46.8,48.4,1.3,0,100,72,73.6,5.6,Manhattan,40.7052349390004,-74.01331503999967
02M374,GRAMERCY ARTS HIGH SCHOOL,60,391,391,394,1176,2.5,NA,NA,NA,NA,27,59,495,3,12.3,0,2.8,45.3,45.1,6.7,26.3,73.7,93,73.1,7.5,Manhattan,40.7355194630004,-73.98760424899967
02M376,NYC ISCHOOL,92,473,483,479,1435,2.5,NA,NA,NA,NA,37,34.6,433,0.5,10.9,1,11.5,20.6,43,24,48.7,51.3,NA,NA,NA,Manhattan,40.7243528740004,-74.00475929199968
02M392,MANHATTAN BUSINESS ACADEMY,NA,NA,NA,NA,NA,2.5,NA,NA,NA,NA,25,64,332,9.9,13.9,2,6.6,29.5,58.7,4.8,59,41,NA,NA,NA,Manhattan,40.7428881010004,-74.00212738099964
02M393,BUSINESS OF SPORTS SCHOOL,NA,NA,NA,NA,NA,2.5,NA,NA,NA,NA,22,58.7,304,7.6,21.4,4,1.6,35.5,57.2,4.3,72.4,27.6,NA,NA,NA,Manhattan,40.76336173200047,-73.99050909099964
02M394,EMMA LAZARUS HIGH SCHOOL,79,319,512,357,1188,2.5,NA,NA,NA,NA,25,97,250,82.8,0,NA,62.4,7.2,26.4,4,51.2,48.8,10,NA,NA,NA,NA,NA
02M399,THE HIGH SCHOOL FOR LANGUAGE AND DIPLOMACY,NA,NA,NA,NA,NA,2.5,NA,NA,NA,NA,18,80.8,244,28.3,16.8,15,44.3,15.6,32.8,5.3,48,52,NA,NA,NA,Manhattan,40.7355194630004,-73.98760424899967
02M400,HIGH SCHOOL FOR ENVIRONMENTAL STUDIES,263,465,493,461,1419,213,298,152,1.3990610328638498,51.006711409395976,31,56.4,1394,7.1,14.4,47,16.7,14.8,57.2,11.1,50.4,49.6,352,74.4,6.3,Manhattan,40.7677624390004,-73.98751121399965
02M407,INSTITUTE FOR COLLABORATIVE EDUCATION,54,492,465,467,1424,2.5,NA,NA,NA,NA,NA,17.9,489,0.4,8.8,2,6.3,10.2,17.6,54.6,55.2,44.8,55,76.4,3.6,Manhattan,40.7324853780004,-73.98305338799963
02M408,PROFESSIONAL PERFORMING ARTS HIGH SCHOOL,94,509,490,523,1522,20,20,15,1,75,29,23.5,502,2,3.2,0,7,19.1,23.7,41.8,25.3,74.7,80,92.5,0,Manhattan,40.76143269900046,-73.98802369799967
02M411,BARUCH COLLEGE CAMPUS HIGH SCHOOL,104,496,563,518,1577,78,115,88,1.4743589743589745,76.52173913043478,27,54.6,432,1.6,2.3,0,60.6,5.8,14.6,18.8,44,56,105,98.1,0,Manhattan,40.7440472480004,-73.99147929899965
02M412,N.Y.C. LAB SCHOOL FOR COLLABORATIVE STUDIES,114,537,590,550,1677,114,140,97,1.2280701754385965,69.28571428571428,33,21.6,579,1.6,15,0,29.4,8.5,14,45.9,47,53,124,91.1,1.6,Manhattan,40.7421007130004,-74.00207379699964
02M413,SCHOOL OF THE FUTURE HIGH SCHOOL,66,517,533,515,1565,11,11,NA,1,NA,NA,31,673,2.1,14.6,0,16,12.3,26,38,50.8,49.2,95,64.2,2.1,Manhattan,40.7389488860004,-73.98540517199967
02M414,N.Y.C. MUSEUM SCHOOL,103,468,492,459,1419,2.5,NA,NA,NA,NA,28,51.6,436,0.5,9.4,0,33,11.7,39.9,15.4,42.4,57.6,106,94.3,1.9,Manhattan,40.7421007130004,-74.00207379699964
02M416,ELEANOR ROOSEVELT HIGH SCHOOL,127,572,594,592,1758,155,235,169,1.5161290322580645,71.91489361702128,27,15.8,507,0.2,1.2,0,17.2,5.5,11.6,63.7,32.5,67.5,127,100,0,Manhattan,40.7701164710004,-73.95337910099965
02M418,MILLENNIUM HIGH SCHOOL,144,528,553,533,1614,86,95,67,1.1046511627906976,70.52631578947368,29,32.7,626,0.2,9.1,0,30,8.8,21.7,35.9,38.2,61.8,150,96.7,0,Manhattan,40.70492036600046,-74.01151402299968
02M419,LANDMARK HIGH SCHOOL,62,390,399,381,1170,2.5,NA,NA,NA,NA,23,83.1,421,15.7,18.8,7,5.2,18.1,74.8,1.9,48.5,51.5,94,61.7,13.8,Manhattan,40.7428881010004,-74.00212738099964
02M420,HIGH SCHOOL FOR HEALTH PROFESSIONS AND HUMAN SERVICES,336,429,449,428,1306,204,248,75,1.2156862745098038,30.241935483870968,32,68,1768,4,10.9,12,20.5,24.4,49.7,5.3,29.4,70.6,341,82.1,0.6,Manhattan,40.7324853780004,-73.98305338799963
02M425,LEADERSHIP AND PUBLIC SERVICE HIGH SCHOOL,84,416,426,391,1233,70,84,32,1.2,38.095238095238095,28,74.2,607,5.4,18.6,45,8.1,30.5,54.2,6.6,46.1,53.9,144,54.2,16,Manhattan,40.7091465390004,-74.01207662699966
02M427,MANHATTAN ACADEMY FOR ARTS & LANGUAGE,NA,NA,NA,NA,NA,2.5,NA,NA,NA,NA,23,97.5,175,86.9,6.9,2,6.3,8,84.6,1.1,54.9,45.1,NA,NA,NA,Manhattan,40.74610637500046,-73.98100966699963
02M429,LEGACY SCHOOL FOR INTEGRATED STUDIES,29,356,357,349,1062,22,26,NA,1.1818181818181819,NA,20,93.9,294,8.2,22.4,20,1.4,45.2,51.4,1.7,49,51,73,47.9,6.8,NA,NA,NA
02M437,HUDSON HIGH SCHOOL OF LEARNING TECHNOLOGIES,NA,NA,NA,NA,NA,2.5,NA,NA,NA,NA,28,61.5,226,8.8,16.4,10,5.8,23.5,62.4,6.6,60.6,39.4,NA,NA,NA,Manhattan,40.7428881010004,-74.00212738099964
02M438,INTERNATIONAL HIGH SCHOOL AT UNION SQUARE,NA,NA,NA,NA,NA,2.5,NA,NA,NA,NA,24,82.8,176,94.9,0.6,0,40.3,12.5,43.2,3.4,61.4,38.6,NA,NA,NA,Manhattan,40.7355194630004,-73.98760424899967
02M439,MANHATTAN VILLAGE ACADEMY,95,441,473,458,1372,42,69,29,1.6428571428571428,42.028985507246375,21,60.3,429,3.7,8.2,2,6.3,16.8,71.8,4.9,38.5,61.5,110,98.2,0,Manhattan,40.741494699,-73.99144505299967
02M440,BAYARD RUSTIN EDUCATIONAL COMPLEX,59,378,365,368,1111,6,6,NA,1,NA,26,75.5,208,26,13.5,9,6.3,27.9,62.5,2.4,63.9,36.1,365,38.1,18.6,NA,NA,NA
02M449,VANGUARD HIGH SCHOOL,72,395,416,388,1199,2.5,NA,NA,NA,NA,19,69.5,444,6.1,17.3,7,9.9,25.7,59,4.5,46.2,53.8,89,44.9,3.4,Manhattan,40.76544540200046,-73.96021378599966
02M459,MANHATTAN INTERNATIONAL HIGH SCHOOL,49,376,460,391,1227,12,12,6,1,50,20,80.7,325,77.5,0.3,0,33.5,14.8,36.9,14.5,44.3,55.7,69,55.1,7.2,Manhattan,40.76544540200046,-73.96021378599966
02M460,WASHINGTON IRVING HIGH SCHOOL,151,373,387,360,1120,69,83,21,1.2028985507246377,25.301204819277107,24,66,1032,18.6,17.2,80,4.8,34.3,58.2,2.3,47.5,52.5,443,51.9,26.6,NA,NA,NA
02M473,WASHINGTON IRVING YABC,NA,NA,NA,NA,NA,2.5,NA,NA,NA,NA,NA,NA,NA,NA,NA,NA,NA,NA,NA,NA,NA,NA,NA,NA,NA,NA,NA,NA
02M475,STUYVESANT HIGH SCHOOL,832,679,735,682,2096,1510,2819,2648,1.866887417218543,93.93401915572899,31,30.3,3297,0,0.4,0,72.1,1.2,2.4,23.7,59.3,40.7,787,98.3,0.4,Manhattan,40.7177464150004,-74.01404904299966
02M489,HIGH SCHOOL OF ECONOMICS AND FINANCE,167,443,489,442,1374,101,176,78,1.7425742574257426,44.31818181818182,27,60.8,809,6.3,11.9,12,24.8,22.5,43.5,8.8,54.5,45.5,177,76.8,7.3,Manhattan,40.7092196250004,-74.01202591499964
02M500,UNITY CENTER FOR URBAN TECHNOLOGIES,25,370,349,351,1070,2.5,NA,NA,NA,NA,25,83.5,237,15.6,32.9,14,3.8,35,55.3,2.5,62.4,37.6,53,73.6,11.3,Manhattan,40.74610637500046,-73.98100966699963
02M519,TALENT UNLIMITED HIGH SCHOOL,81,469,472,475,1416,30,34,21,1.1333333333333333,61.76470588235294,26,45.5,491,0.2,3.5,0,4.5,36,39.3,19.8,21.4,78.6,136,92.6,0,Manhattan,40.76544540200046,-73.96021378599966
02M520,MURRY BERGTRAUM HIGH SCHOOL FOR BUSINESS CAREERS,264,407,440,393,1240,118,157,76,1.3305084745762712,48.40764331210191,27,72.7,2073,10.2,14.1,108,10.5,39.9,46.6,2.3,49.1,50.9,637,56.4,11.6,Manhattan,40.7106794710004,-74.00080702099967
02M529,JACQUELINE KENNEDY ONASSIS HIGH SCHOOL,131,414,425,400,1239,80,118,29,1.475,24.576271186440678,26,73,724,9.8,13.7,30,5.1,22.7,69.9,1.8,40.6,59.4,148,64.9,10.1,Manhattan,40.7577573860004,-73.98318779299967
02M531,REPERTORY COMPANY HIGH SCHOOL FOR THEATRE ARTS,42,429,404,420,1253,2.5,NA,NA,NA,NA,24,65.3,217,0.5,5.1,0,1.4,47.9,42.4,7.4,21.2,78.8,49,85.7,8.200000000000001,Manhattan,40.755942582,-73.98456770199965
02M542,MANHATTAN BRIDGES HIGH SCHOOL,66,336,378,344,1058,67,102,59,1.5223880597014925,57.84313725490197,23,83.5,541,72.6,1.7,5,0.2,0,99.8,0,51.4,48.6,111,69.4,13.5,Manhattan,40.7650267080004,-73.99251657799965
02M543,NEW DESIGN HIGH SCHOOL,73,391,395,382,1168,2.5,NA,NA,NA,NA,23,66.1,423,5.4,17.5,9,3.8,30.3,62.2,2.6,38.3,61.7,101,67.3,7.9,Manhattan,40.7168672240004,-73.98953194299963
02M544,INDEPENDENCE HIGH SCHOOL,14,389,371,335,1095,2.5,NA,NA,NA,NA,19,NA,NA,NA,NA,NA,NA,NA,NA,NA,NA,NA,145,17.2,13.1,NA,NA,NA
02M545,HIGH SCHOOL FOR DUAL LANGUAGE AND ASIAN STUDIES,78,412,581,431,1424,61,96,89,1.5737704918032787,92.70833333333334,22,82.6,353,38.2,2.3,0,89.5,3.4,4,2.3,51.3,48.7,54,92.6,0,Manhattan,40.7168672240004,-73.98953194299963
02M550,LIBERTY HIGH SCHOOL ACADEMY FOR NEWCOMERS,26,368,436,352,1156,2.5,NA,NA,NA,NA,19,79.5,397,90.2,2,0,25.7,19.9,42.1,11.8,61,39,97,49.5,19.6,NA,NA,NA
02M551,THE URBAN ASSEMBLY NEW YORK HARBOR SCHOOL,77,405,423,384,1212,7,7,NA,1,NA,24,73.5,430,4.2,17.9,12,2.3,37.4,49.3,10.2,60.9,39.1,77,80.5,18.2,Manhattan,40.69078762900045,-74.01975732599965
02M560,HIGH SCHOOL M560 s CITY AS SCHOOL,56,498,440,477,1415,2.5,NA,NA,NA,NA,NA,NA,NA,NA,NA,NA,NA,NA,NA,NA,NA,NA,235,45.1,0.9,NA,NA,NA
02M565,URBAN ACADEMY LABORATORY HIGH SCHOOL,30,527,508,512,1547,2.5,NA,NA,NA,NA,NA,32.1,157,1.3,0,NA,5.1,33.8,38.2,20.4,40.8,59.2,46,41.3,2.2,NA,NA,NA
02M570,SATELLITE ACADEMY HIGH SCHOOL,33,350,337,345,1032,2.5,NA,NA,NA,NA,NA,72.8,248,6.5,14.1,2,1.6,35.1,59.7,2.8,38.7,61.3,379,12.7,10.8,NA,NA,NA
02M575,MANHATTAN COMPREHENSIVE NIGHT AND DAY HIGH SCHOOL,121,345,517,343,1205,58,100,61,1.7241379310344827,61,22,NA,NA,NA,NA,NA,NA,NA,NA,NA,NA,NA,260,45.4,16.9,NA,NA,NA
02M580,RICHARD R. GREEN HIGH SCHOOL OF TEACHING,84,408,384,403,1195,67,117,40,1.7462686567164178,34.18803418803419,26,67,610,6.4,21.8,16,2.3,35.1,59.3,2.3,32.6,67.4,134,64.9,11.2,Manhattan,40.7052349390004,-74.01331503999967
02M586,HARVEY MILK HIGH SCHOOL,9,458,416,429,1303,2.5,NA,NA,NA,NA,14,75.7,68,1.5,22.1,0,5.9,38.2,39.7,16.2,47.1,52.9,30,40,23.3,NA,NA,NA
02M600,THE HIGH SCHOOL OF FASHION INDUSTRIES,335,423,423,411,1257,70,87,26,1.2428571428571429,29.88505747126437,31,68.3,1599,2.8,11.5,42,3.8,39.1,52.3,4.1,7.3,92.7,416,87.7,2.4,Manhattan,40.7451115710004,-73.99590641999964
02M605,HUMANITIES PREPARATORY ACADEMY,36,426,403,426,1255,2.5,NA,NA,NA,NA,24,54,192,1,6.8,0,7.3,21.9,57.8,11.5,42.7,57.3,48,81.3,2.1,Manhattan,40.7428881010004,-74.00212738099964
02M615,CHELSEA CAREER AND TECHNICAL EDUCATION HIGH SCHOOL,83,399,418,390,1207,52,97,13,1.8653846153846154,13.402061855670103,25,69.8,466,6.2,15.7,10,7.1,29.6,60.5,1.5,65,35,173,48,24.9,Manhattan,40.7243528740004,-74.00475929199968
02M620,NORMAN THOMAS HIGH SCHOOL,154,370,379,359,1108,34,34,14,1,41.17647058823529,24,81.1,1127,19.3,15.5,66,1.6,25.6,70.6,2,52,48,464,47.8,22.6,NA,NA,NA
02M625,HIGH SCHOOL OF GRAPHIC COMMUNICATION ARTS,191,395,382,376,1153,79,85,9,1.0759493670886076,10.588235294117647,27,72.7,1433,9.1,17.2,78,3.1,30.3,63.8,2.6,46.5,53.5,407,49.6,25.1,NA,NA,NA
02M630,ART AND DESIGN HIGH SCHOOL,270,444,441,430,1315,84,100,33,1.1904761904761905,33,29,53.3,1344,1.6,11.1,32,9,26.8,51,12.6,46.7,53.3,320,67.5,6.9,Manhattan,40.7654015410004,-73.98176824599966
02M655,LIFE SCIENCES SECONDARY SCHOOL,61,409,424,403,1236,50,90,10,1.8,11.11111111111111,24,70.3,717,7.9,19.7,43,3.3,28.6,64.3,2.4,51.6,48.4,118,79.7,5.9,Manhattan,40.7836442600004,-73.94574177699963
03M283,MANHATTAN THEATRE LAB HIGH SCHOOL,27,406,379,408,1193,2.5,NA,NA,NA,NA,27,59.6,409,8.6,10.5,26,1.7,46,49.4,2.2,31.8,68.2,74,55.4,8.1,NA,NA,NA
03M299,"HIGH SCHOOL FOR ARTS, IMAGINATION AND INQUIRY",49,374,384,374,1132,2.5,NA,NA,NA,NA,24,66.4,418,14.4,19.6,13,1,37.3,58.9,1.4,55.7,44.3,89,61.8,7.9,Manhattan,40.7742964110004,-73.98482270099964
03M307,"URBAN ASSEMBLY SCHOOL FOR MEDIA STUDIES, THE",41,384,390,370,1144,2.5,NA,NA,NA,NA,20,68.8,366,12.8,15.3,10,2.2,37.4,56,3,57.9,42.1,100,60,19,Manhattan,40.7742964110004,-73.98482270099964
03M402,THE URBAN ASSEMBLY SCHOOL FOR GREEN CAREERS,NA,NA,NA,NA,NA,2.5,NA,NA,NA,NA,10,73.2,283,25.1,21.6,9,1.8,19.8,76,1.8,56.9,43.1,NA,NA,NA,Manhattan,40.7857431570004,-73.97441522799966
03M403,THE GLOBAL LEARNING COLLABORATIVE,NA,NA,NA,NA,NA,2.5,NA,NA,NA,NA,25,68.4,358,19.3,19.3,7,3.6,27.7,62.6,5.9,51.4,48.6,NA,NA,NA,Manhattan,40.7857431570004,-73.97441522799966
03M404,INNOVATION DIPLOMA PLUS,12,416,403,381,1200,2.5,NA,NA,NA,NA,17,50.4,199,3.5,10.1,0,48.7,33.2,16.6,1.5,47.7,52.3,39,28.2,5.1,NA,NA,NA
03M415,WADLEIGH SECONDARY SCHOOL FOR THE PERFORMING & VISUAL ARTS,32,371,368,370,1109,65,73,NA,1.123076923076923,NA,24,76.6,516,7.4,18.8,60,0.4,59.9,38.8,0.8,38.4,61.6,127,55.9,1.6,Manhattan,40.80217458100048,-73.95400882799964
03M417,FRANK MCCOURT HIGH SCHOOL,NA,NA,NA,NA,NA,2.5,NA,NA,NA,NA,25,24,219,0.9,17.4,0,6.8,18.3,37,37,46.6,53.4,NA,NA,NA,Manhattan,40.7857431570004,-73.97441522799966
03M470,LOUIS D. BRANDEIS HIGH SCHOOL,131,370,390,358,1118,48,70,6,1.4583333333333333,8.571428571428571,22,68.6,291,27.8,10.7,8,2.1,29.6,67.4,1,50.5,49.5,521,35.5,23,NA,NA,NA
03M479,BEACON HIGH SCHOOL,261,577,575,592,1744,166,197,140,1.1867469879518073,71.06598984771574,31,18.4,1162,0.2,3.7,0,8.9,14.6,22.8,49.8,39,61,269,96.3,0,Manhattan,40.77215811900049,-73.98779653499963
03M485,FIORELLO H. LAGUARDIA HIGH SCHOOL OF MUSIC & ART AND PERFORMING ARTS,531,566,564,577,1707,691,1236,790,1.788712011577424,63.915857605178,31,21.7,2605,0.2,1,0,19.6,12.9,16.6,49.2,26.4,73.6,646,97.1,0.9,Manhattan,40.77367050700047,-73.98526855799963
03M492,"HIGH SCHOOL FOR LAW, ADVOCACY AND COMMUNITY JUSTICE",66,396,398,402,1196,2.5,NA,NA,NA,NA,23,79.9,541,10.5,15.5,38,1.3,46.2,48.1,1.8,40.1,59.9,107,75.7,9.300000000000002,Manhattan,40.7742964110004,-73.98482270099964
03M494,HIGH SCHOOL OF ARTS AND TECHNOLOGY,75,433,433,411,1277,38,38,6,1,15.789473684210526,28,79.8,603,10.4,17.2,26,5,34.8,57.2,2.3,67.7,32.3,137,62.8,6.6,Manhattan,40.7742964110004,-73.98482270099964
03M505,EDWARD A. REYNOLDS WEST SIDE HIGH SCHOOL,35,401,369,351,1121,2.5,NA,NA,NA,NA,21,70.5,564,7.8,23,20,0.5,34.6,64.4,0.5,44.3,55.7,200,27.5,6.5,NA,NA,NA
03M541,MANHATTAN / HUNTER SCIENCE HIGH SCHOOL,111,473,506,467,1446,2.5,NA,NA,NA,NA,22,55.2,453,1.3,3.8,0,25.6,21.4,41.5,10.2,41.1,58.9,90,93.3,1.1,Manhattan,40.7742964110004,-73.98482270099964
03M577,YOUNG ADULT BOROUGH CENTER AT LOUIS D. BRANDEIS HS,NA,NA,NA,NA,NA,2.5,NA,NA,NA,NA,NA,NA,NA,NA,NA,NA,NA,NA,NA,NA,NA,NA,NA,NA,NA,NA,NA,NA
03M860,FREDERICK DOUGLASS ACADEMY II SECONDARY SCHOOL,43,356,379,361,1096,11,11,NA,1,NA,22,64.2,413,5.8,20.8,24,0.7,77.7,18.9,1.5,54.2,45.8,54,74.1,13,Manhattan,40.80217458100048,-73.95400882799964
04M409,COALITION SCHOOL FOR SOCIAL CHANGE,48,354,357,373,1084,18,18,NA,1,NA,21,71.8,349,9.7,24.4,17,0.9,39.3,58.7,0.9,44.4,55.6,76,65.8,13.2,Manhattan,40.798865182,-73.93336559699964
04M435,MANHATTAN CENTER FOR SCIENCE AND MATHEMATICS,375,461,514,455,1430,328,426,261,1.298780487804878,61.267605633802816,31,71.6,1650,2.7,5.8,29,20.1,19.7,57.4,2.2,46.4,53.6,381,87.7,1.3,Manhattan,40.79374170600044,-73.93408414199968
04M495,PARK EAST HIGH SCHOOL,51,373,379,376,1128,2.5,NA,NA,NA,NA,19,76.8,349,4.3,10.6,3,4.9,33.2,59.6,0.3,42.1,57.9,92,57.6,10.9,Manhattan,40.7905626,-73.94445440799967
04M555,CENTRAL PARK EAST HIGH SCHOOL,73,405,421,395,1221,2.5,NA,NA,NA,NA,25,70.4,445,4,13.5,5,6.5,26.7,64.5,1.6,32.1,67.9,63,66.7,11.1,Manhattan,40.7936788820004,-73.94941649499964
04M610,YOUNG WOMEN'S LEADERSHIP SCHOOL,70,432,446,448,1326,41,55,29,1.3414634146341464,52.72727272727272,26,67.3,449,2.2,6.7,0,5.1,31.2,60.1,1.6,0,100,55,100,0,Manhattan,40.7927069560004,-73.94729966199964
04M610,YOUNG WOMEN'S LEADERSHIP SCHOOL,70,432,446,448,1326,2.5,NA,NA,NA,NA,26,67.3,449,2.2,6.7,0,5.1,31.2,60.1,1.6,0,100,55,100,0,Manhattan,40.7927069560004,-73.94729966199964
04M635,ACADEMY OF ENVIRONMENTAL SCIENCE SECONDARY HIGH SCHOOL,48,369,369,357,1095,2.5,NA,NA,NA,NA,26,62.7,192,13.5,18.8,14,4.2,27.6,65.6,2.1,62,38,75,41.3,20,NA,NA,NA
04M680,"HERITAGE SCHOOL, THE",31,358,351,345,1054,2.5,NA,NA,NA,NA,21,71.8,294,6.8,24.8,12,0.3,28.9,69.4,1,48.6,51.4,75,56,9.300000000000002,Manhattan,40.7918796180004,-73.94658639999966
05M285,HARLEM RENAISSANCE HIGH SCHOOL,29,357,318,333,1008,2.5,NA,NA,NA,NA,17,67.6,222,9.5,10.8,1,0.5,62.2,36.9,0.5,39.2,60.8,81,12.3,22.2,NA,NA,NA
05M304,MOTT HALL HIGH SCHOOL,54,413,399,398,1210,11,11,NA,1,NA,26,78.5,426,8.7,15.5,12,0.9,35,63.8,0.2,53.5,46.5,96,69.8,7.3,Manhattan,40.81736104600048,-73.94770842099967
05M362,"COLUMBIA SECONDARY SCHOOL FOR MATH, SCIENCE, AND ENGINEERING",NA,NA,NA,NA,NA,2.5,NA,NA,NA,NA,25,46.3,474,0.6,0.4,0,11.6,20,48.5,18.4,49.6,50.4,NA,NA,NA,Manhattan,40.8109178530004,-73.95692738699967
05M367,ACADEMY FOR SOCIAL ACTION: A COLLEGE BOARD SCHOOL,33,354,366,342,1062,17,17,NA,1,NA,23,67,425,9.9,21.6,2,0.5,61.4,38.1,0,48.7,51.3,NA,NA,NA,Manhattan,40.81523036500044,-73.95520120599963
05M369,URBAN ASSEMBLY SCHOOL FOR THE PERFORMING ARTS,56,360,353,364,1077,2.5,NA,NA,NA,NA,24,77.7,374,6.1,16.6,12,0.5,59.1,38.2,0.8,25.4,74.6,62,69.4,16.1,Manhattan,40.81523036500044,-73.95520120599963
05M469,CHOIR ACADEMY OF HARLEM,20,354,360,385,1099,6,6,NA,1,NA,23,81.9,347,2,13.3,25,0.3,76.1,22.5,0.6,39.8,60.2,39,56.4,10.3,NA,NA,NA
05M499,FREDERICK DOUGLASS ACADEMY,214,458,474,442,1374,163,226,159,1.3865030674846626,70.35398230088495,27,57.6,1556,2.4,8.9,45,1.2,74.4,22.8,1.3,52.2,47.8,259,82.6,3.5,Manhattan,40.8243083850004,-73.93697961299966
05M670,THURGOOD MARSHALL ACADEMY FOR LEARNING AND SOCIAL CHANGE,66,396,402,404,1202,37,38,NA,1.027027027027027,NA,23,65.1,580,1.4,10,0,0.2,78.1,20.9,0.2,44.1,55.9,95,68.4,10.5,Manhattan,40.8153648290004,-73.94389670999965
05M685,BREAD & ROSES INTEGRATED ARTS HIGH SCHOOL,61,369,361,355,1085,2.5,NA,NA,NA,NA,23,71.8,524,17.6,21,60,0.4,53.2,45.4,0.6,48.9,51.1,121,37.2,18.2,NA,NA,NA
05M692,"HIGH SCHOOL FOR MATHEMATICS, SCIENCE AND ENGINEERING AT CITY COLLEGE",101,605,654,588,1847,114,124,71,1.087719298245614,57.25806451612904,22,18.5,406,0,0,NA,36.2,15,21.2,26.1,65.8,34.2,106,95.3,0,Manhattan,40.82112311200046,-73.94884524399964
06M293,CITY COLLEGE ACADEMY OF THE ARTS,60,408,446,416,1270,2.5,NA,NA,NA,NA,24,71.6,586,6.1,13.1,0,0.7,6,92,1.2,39.6,60.4,NA,NA,NA,Manhattan,40.8611133190004,-73.93045214899968
06M346,COMMUNITY HEALTH ACADEMY OF THE HEIGHTS,55,362,376,367,1105,2.5,NA,NA,NA,NA,27,78.8,520,30,17.3,16,0.2,5.2,93.8,0.8,52.3,47.7,NA,NA,NA,Manhattan,40.8335552190004,-73.94180421199962
06M348,WASHINGTON HEIGHTS EXPEDITIONARY LEARNING SCHOOL,70,380,395,399,1174,2.5,NA,NA,NA,NA,28,87.5,602,19.6,18.1,0,0,2.3,96.7,0.3,55.8,44.2,NA,NA,NA,Manhattan,40.8488787880004,-73.93080651699967
06M423,HIGH SCHOOL FOR EXCELLENCE AND INNOVATION,NA,NA,NA,NA,NA,2.5,NA,NA,NA,NA,17,99.2,178,19.7,34.3,10,0,25.8,72.5,0,52.8,47.2,NA,NA,NA,Manhattan,40.8660455490004,-73.92485664199967
06M457,GEORGE WASHINGTON YABC,7,394,357,346,1097,2.5,NA,NA,NA,NA,NA,NA,NA,NA,NA,NA,NA,NA,NA,NA,NA,NA,NA,NA,NA,NA,NA,NA
06M462,HIGH SCHOOL FOR INTERNATIONAL BUSINESS AND FINANCE,76,365,384,378,1127,108,135,43,1.25,31.851851851851855,26,89.3,630,43,13.7,46,0.5,5.2,91.4,1.4,63.8,36.2,185,74.1,9.200000000000001,Manhattan,40.85593830700048,-73.92702963399967
06M463,HIGH SCHOOL FOR MEDIA AND COMMUNICATIONS,63,369,380,349,1098,37,64,NA,1.7297297297297298,NA,23,83.8,572,26.9,17,8,1,10.7,87.1,0.5,63.5,36.5,161,62.7,12.4,Manhattan,40.85593830700048,-73.92702963399967
06M467,HIGH SCHOOL FOR LAW AND PUBLIC SERVICE,94,363,378,361,1102,141,212,82,1.50354609929078,38.67924528301887,25,72.5,694,32,16.7,31,1,13,84.4,1.3,58.6,41.4,171,71.3,9.4,Manhattan,40.85593830700048,-73.92702963399967
06M468,HIGH SCHOOL FOR HEALTH CAREERS AND SCIENCES,24,400,422,402,1224,32,38,17,1.1875,44.73684210526316,28,90.7,679,31.2,13.8,14,0.7,13.7,83.8,1,52.7,47.3,158,55.7,20.9,Manhattan,40.85593830700048,-73.92702963399967
06M540,A. PHILIP RANDOLPH CAMPUS HIGH SCHOOL,228,430,456,423,1309,165,222,72,1.3454545454545455,32.432432432432435,30,76.3,1285,2.3,5.5,43,4,32.8,62.3,0.7,49.9,50.1,267,71.2,3,Manhattan,40.8183212690004,-73.95061382799963
06M552,GREGORIO LUPERON HIGH SCHOOL FOR SCIENCE AND MATHEMATICS,56,339,349,326,1014,88,138,73,1.5681818181818181,52.89855072463768,25,92.8,472,89.6,0,NA,0,0,99.8,0,48.9,51.1,91,81.3,8.800000000000002,Manhattan,40.8380323220004,-73.93837101799966
07X221,SOUTH BRONX PREPARATORY: A COLLEGE BOARD SCHOOL,65,364,378,348,1090,63,89,24,1.4126984126984128,26.96629213483146,21,72.9,622,8.8,19.3,21,0.6,29.9,68.8,0.5,47.4,52.6,80,80,3.8,Bronx,40.8140108160004,-73.92083651699966
07X321,CROTONA ACADEMY HIGH SCHOOL,9,379,364,382,1125,2.5,NA,NA,NA,NA,18,78.3,124,2.4,6.5,0,0.8,42.7,54,0.8,31.5,68.5,56,14.3,17.9,NA,NA,NA
07X334,INTERNATIONAL COMMUNITY HIGH SCHOOL,34,310,324,311,945,2.5,NA,NA,NA,NA,16,77.5,393,90.1,1.8,0,4.8,20.1,71.8,2,48.6,51.4,10,NA,NA,Bronx,40.81003619200049,-73.91781248199965
07X379,JILL CHAIFETZ TRANSFER HIGH SCHOOL,NA,NA,NA,NA,NA,2.5,NA,NA,NA,NA,24,71.7,198,3,7.6,0,0.5,40.9,56.6,1,36.9,63.1,50,10,16,NA,NA,NA
07X381,BRONX HAVEN HIGH SCHOOL,NA,NA,NA,NA,NA,2.5,NA,NA,NA,NA,NA,64.7,153,7.8,8.5,1,0.7,35.9,62.7,0.7,37.3,62.7,11,NA,NA,NA,NA,NA
07X427,COMMUNITY SCHOOL FOR SOCIAL JUSTICE,43,361,359,357,1077,2.5,NA,NA,NA,NA,23,82.7,319,13.2,19.7,11,0.6,32.3,65.5,0.9,49.2,50.8,81,64.2,19.8,Bronx,40.8160844810004,-73.93032383899964
07X473,MOTT HAVEN VILLAGE PREPARATORY HIGH SCHOOL,63,351,375,371,1097,2.5,NA,NA,NA,NA,24,78.5,363,9.6,18.5,8,1.1,22.6,76,0,50.1,49.9,69,63.8,14.5,Bronx,40.8181735360004,-73.91109266299964
07X495,UNIVERSITY HEIGHTS SECONDARY SCHOOL,79,403,394,404,1201,2.5,NA,NA,NA,NA,27,90.1,465,3.7,5.2,0,2.6,18.1,78.1,1.3,43.2,56.8,NA,NA,NA,Bronx,40.8181735360004,-73.91109266299964
07X500,HOSTOSsLINCOLN ACADEMY OF SCIENCE,66,420,426,411,1257,64,107,39,1.671875,36.44859813084112,21,68.3,538,5.6,11.9,11,2,24,72.7,0.7,45.2,54.8,61,83.6,1.6,Bronx,40.81495534200047,-73.91251954199964
07X520,FOREIGN LANGUAGE ACADEMY OF GLOBAL STUDIES,64,399,396,391,1186,13,13,12,1,92.3076923076923,23,89.9,311,21.9,22.5,50,3.2,26,68.8,1,45.3,54.7,136,60.3,7.4,Bronx,40.8111388560004,-73.90978712699967
07X527,BRONX LEADERSHIP ACADEMY II HIGH SCHOOL,62,362,378,363,1103,30,30,NA,1,NA,24,77,502,14.1,18.5,24,1.4,41.2,56,1,54,46,102,72.5,14.7,Bronx,40.8227764900004,-73.92352279399967
07X547,NEW EXPLORERS HIGH SCHOOL,28,367,356,361,1084,18,18,NA,1,NA,24,90.4,383,15.7,25.1,17,0.5,30.3,68.1,0.5,57.7,42.3,81,44.4,17.3,Bronx,40.8227764900004,-73.92352279399967
07X548,URBAN ASSEMBLY SCHOOL FOR CAREERS IN SPORTS,44,387,411,383,1181,2.5,NA,NA,NA,NA,26,74.3,477,5,18.7,18,0.4,26.6,70.4,0.4,84.3,15.7,82,79.3,6.1,Bronx,40.8227764900004,-73.92352279399967
07X551,BRONX ACADEMY OF LETTERS,51,413,381,407,1201,53,92,37,1.7358490566037736,40.21739130434783,23,79.1,555,9.4,24,57,0.5,34.1,64.3,0.9,44.5,55.5,76,73.7,6.6,Bronx,40.8133593030004,-73.92553651499964
07X600,ALFRED E. SMITH CAREER AND TECHNICAL EDUCATION HIGH SCHOOL,76,394,400,364,1158,11,11,NA,1,NA,27,76.7,738,9.1,22,87,1.4,35.9,61.5,0.7,92.7,7.3,267,40.80000000000001,18,Bronx,40.8182468890004,-73.91973567799965
07X655,SAMUEL GOMPERS CAREER AND TECHNICAL EDUCATION HIGH SCHOOL,47,398,416,370,1184,77,126,NA,1.6363636363636365,NA,24,75.7,663,17,26.1,120,1.2,32.4,64.9,0.8,79.6,20.4,357,48.5,21.6,NA,NA,NA
07X670,HEALTH OPPORTUNITIES HIGH SCHOOL,114,363,368,364,1095,61,117,29,1.9180327868852458,24.786324786324787,26,77.8,587,10.4,19.6,44,3.1,39.2,56.9,0.5,28.6,71.4,134,69.4,18.7,Bronx,40.8160844810004,-73.93032383899964
08X269,BRONX STUDIO SCHOOL FOR WRITERS AND ARTISTS,NA,NA,NA,NA,NA,2.5,NA,NA,NA,NA,27,85.6,500,9.2,13.4,41,1.2,22.4,74.8,1,44,56,NA,NA,NA,Bronx,40.82062363700049,-73.89307351899964
08X282,WOMEN'S ACADEMY OF EXCELLENCE,44,407,386,378,1171,21,22,NA,1.0476190476190477,NA,22,72.2,379,2.6,15.6,12,2.9,45.9,46.4,2.4,0.3,99.7,75,66.7,16,Bronx,40.81491834000047,-73.85656553499967
08X293,RENAISSANCE HIGH SCHOOL FOR MUSICAL THEATER & TECHNOLOGY,52,384,385,389,1158,22,29,14,1.3181818181818181,48.275862068965516,26,66.4,469,4.5,21.7,9,2.6,25.4,63.8,7.7,38,62,117,65.8,13.7,Bronx,40.84051397700045,-73.83812095999963
08X295,GATEWAY SCHOOL FOR ENVIRONMENTAL RESEARCH AND TECHNOLOGY,41,416,390,394,1200,2.5,NA,NA,NA,NA,22,74.6,478,11.5,24.1,51,5.6,33.1,59.4,1,60,40,121,40.5,13.2,NA,NA,NA
08X305,PABLO NERUDA ACADEMY FOR ARCHITECTURE AND WORLD STUDIES,67,337,361,340,1038,2.5,NA,NA,NA,NA,20,75.8,359,15.9,27.3,16,2.5,26.2,69.9,1.4,66,34,101,56.4,17.8,Bronx,40.8223037650004,-73.85596138999966
08X312,MILLENNIUM ART ACADEMY,67,387,402,375,1164,35,55,NA,1.5714285714285714,NA,28,74.2,496,5.4,20.4,22,1.8,32.5,64.3,1,49.2,50.8,108,58.3,9.300000000000002,Bronx,40.8223037650004,-73.85596138999966
08X332,HOLCOMBE L. RUCKER SCHOOL OF COMMUNITY RESEARCH,39,363,371,350,1084,20,28,NA,1.4,NA,20,79.6,333,12.6,18,17,0.9,39.9,56.8,0.6,49.2,50.8,89,57.3,14.6,Bronx,40.8174394460004,-73.89804920599965
08X367,"ARCHIMEDES ACADEMY FOR MATH, SCIENCE AND TECHNOLOGY APPLICATIONS",NA,NA,NA,NA,NA,2.5,NA,NA,NA,NA,NA,87.3,500,2.6,22,41,2.8,35,60.2,2,62,38,NA,NA,NA,Bronx,40.81491834000047,-73.85656553499967
08X376,"ANTONIA PANTOJA PREPARATORY ACADEMY, A COLLEGE BOARD SCHOOL",NA,NA,NA,NA,NA,2.5,NA,NA,NA,NA,24,81.3,432,7.4,24.1,35,4.9,27.8,66,0.7,47,53,NA,NA,NA,Bronx,40.8223037650004,-73.85596138999966
08X377,BRONX COMMUNITY HIGH SCHOOL,9,367,369,376,1112,2.5,NA,NA,NA,NA,NA,73.9,200,4.5,5,1,1,33,63.5,1,50.5,49.5,79,12.7,24.1,NA,NA,NA
08X405,HERBERT H. LEHMAN HIGH SCHOOL,415,412,436,393,1241,430,532,197,1.2372093023255815,37.03007518796993,27,66.8,3593,9.2,20.9,347,6.8,23,60.6,9,61.1,38.9,1092,44.6,21.2,Bronx,40.84051397700045,-73.83812095999963
08X408,HERBERT H. LEHMAN YABC,6,402,373,413,1188,2.5,NA,NA,NA,NA,NA,NA,NA,NA,NA,NA,NA,NA,NA,NA,NA,NA,NA,NA,NA,NA,NA,NA
08X432,BRONX BRIDGES HIGH SCHOOL,NA,NA,NA,NA,NA,2.5,NA,NA,NA,NA,19,87.2,155,79.4,7.7,3,5.2,8.4,83.2,2.6,52.3,47.7,NA,NA,NA,Bronx,40.8223037650004,-73.85596138999966
08X452,BRONX GUILD,39,369,371,365,1105,2.5,NA,NA,NA,NA,NA,69.2,305,7.2,23,14,3.9,33.8,61.3,0.7,49.5,50.5,64,62.5,6.3,Bronx,40.8223037650004,-73.85596138999966
08X507,STEVENSON YABC,NA,NA,NA,NA,NA,2.5,NA,NA,NA,NA,NA,NA,NA,NA,NA,NA,NA,NA,NA,NA,NA,NA,NA,NA,NA,NA,NA,NA
08X519,"FELISA RINCON DE GAUTIER INSTITUTE FOR LAW AND PUBLIC POLICY, THE",68,373,370,356,1099,2.5,NA,NA,NA,NA,24,72.3,363,14,20.9,32,1.4,21.8,76,0.6,43,57,99,52.5,17.2,Bronx,40.8211707700004,-73.88113634599966
08X530,BANANA KELLY HIGH SCHOOL,54,373,381,377,1131,2.5,NA,NA,NA,NA,25,81.9,451,13.5,25.7,33,0.7,32.6,65.4,1.1,49.9,50.1,108,41.7,23.1,Bronx,40.8174394460004,-73.89804920599965
08X537,BRONX ARENA HIGH SCHOOL,NA,NA,NA,NA,NA,2.5,NA,NA,NA,NA,NA,NA,NA,NA,NA,NA,NA,NA,NA,NA,NA,NA,NA,NA,NA,NA,NA,NA
08X540,SCHOOL FOR COMMUNITY RESEARCH AND LEARNING,16,366,400,368,1134,9,9,NA,1,NA,18,83.8,191,11,28.3,26,4.7,28.8,64.9,1,57.1,42.9,89,49.4,15.7,NA,NA,NA
08X560,HIGH SCHOOL X560 s BRONX ACADEMY HIGH SCHOOL,9,404,368,399,1171,2.5,NA,NA,NA,NA,28,NA,NA,NA,NA,NA,NA,NA,NA,NA,NA,NA,141,19.9,17,NA,NA,NA
08X650,JANE ADDAMS HIGH SCHOOL FOR ACADEMIC CAREERS,78,377,359,376,1112,44,69,8,1.5681818181818181,11.594202898550725,24,85.7,717,11.2,22.2,69,1.5,36.8,60.8,0.3,28.3,71.7,419,43,25.8,NA,NA,NA
09X227,BRONX EXPEDITIONARY LEARNING HIGH SCHOOL,39,324,376,349,1049,2.5,NA,NA,NA,NA,23,83.9,355,29.3,21.1,28,1.1,27.9,69.3,0.8,50.1,49.9,96,57.3,8.300000000000002,Bronx,40.8403733980004,-73.91083800799964
09X231,EAGLE ACADEMY FOR YOUNG MEN,78,373,387,374,1134,32,44,11,1.375,25,25,60.4,550,4,24.2,33,0.7,63.1,33.8,0.5,100,0,100,63,4,Bronx,40.8451853270004,-73.89698066799963
09X239,"URBAN ASSEMBLY ACADEMY FOR HISTORY AND CITIZENSHIP FOR YOUNG MEN, THE",33,372,355,357,1084,9,9,NA,1,NA,21,50.2,141,19.9,27.7,20,0.7,56.7,40.4,0.7,100,0,74,41.9,24.3,NA,NA,NA
09X241,"URBAN ASSEMBLY SCHOOL FOR APPLIED MATH AND SCIENCE, THE",80,411,464,415,1290,16,16,NA,1,NA,22,79.5,606,9.4,14.7,12,2.6,32,63.4,1.5,49.3,50.7,NA,NA,NA,Bronx,40.83932712600045,-73.90130978999963
09X250,EXIMIUS COLLEGE PREPARATORY ACADEMY: A COLLEGE BOARD SCHOOL,50,393,394,382,1169,90,146,11,1.6222222222222222,7.534246575342466,25,62.9,356,8.1,18.8,14,0.6,40.7,58.1,0.3,46.6,53.4,60,60,5,Bronx,40.83373855900049,-73.90244824499968
09X252,MOTT HALL BRONX HIGH SCHOOL,67,369,367,356,1092,2.5,NA,NA,NA,NA,28,58.9,354,8.8,15.5,28,1.1,24.3,73.7,0.8,45.8,54,107,77.6,1.9,Bronx,40.83932712600045,-73.90130978999963
09X260,BRONX CENTER FOR SCIENCE AND MATHEMATICS,81,459,480,457,1396,62,80,35,1.2903225806451613,43.75,23,70,444,1.6,14,14,5.9,24.3,68.7,1.1,46.2,53.8,100,88,4,Bronx,40.83373855900049,-73.90244824499968
09X263,VALIDUS PREPARATORY ACADEMY: AN EXPEDITIONARY LEARNING SCHOOL,74,356,363,356,1075,7,7,NA,1,NA,26,76.1,365,12.1,16.2,18,1.1,34.2,63.8,0.3,44.1,55.9,120,75,11.7,Bronx,40.83932712600045,-73.90130978999963
09X276,LEADERSHIP INSTITUTE,30,361,353,367,1081,17,17,7,1,41.17647058823529,22,94.8,230,16.5,16.1,24,1.7,33,63.5,1.3,52.2,47.8,67,53.7,20.9,Bronx,40.841270878,-73.89797867699963
09X297,MORRIS ACADEMY FOR COLLABORATIVE STUDIES,38,386,386,376,1148,2.5,NA,NA,NA,NA,23,79.1,450,19.1,22.4,19,0.4,26,73.1,0.4,53.8,46.2,99,67.7,15.2,Bronx,40.827602669,-73.90447525699966
09X324,BRONX EARLY COLLEGE ACADEMY FOR TEACHING & LEARNING,NA,NA,NA,NA,NA,2.5,NA,NA,NA,NA,28,79.4,493,11,16.2,21,3,32,64.5,0.2,48.5,51.5,NA,NA,NA,Bronx,40.82871418000047,-73.91775570199962
09X329,DREAMYARD PREPARATORY SCHOOL,51,382,365,391,1138,15,15,NA,1,NA,23,80,349,24.4,19.5,38,0,26.9,69.9,0.3,44.1,55.9,93,43,16.1,Bronx,40.8403733980004,-73.91083800799964
09X365,ACADEMY FOR LANGUAGE AND TECHNOLOGY,54,315,339,297,951,20,20,20,1,100,24,85.7,336,86.6,0.9,0,0,0.6,99.4,0,48.8,51.2,NA,NA,NA,Bronx,40.8491021680004,-73.91608844099966
09X403,BRONX INTERNATIONAL HIGH SCHOOL,49,314,312,339,965,2.5,NA,NA,NA,NA,16,82.3,403,87.1,1.2,1,1,22.8,72.2,3.7,45.7,54.3,88,65.9,4.5,Bronx,40.827602669,-73.90447525699966
09X404,SCHOOL FOR EXCELLENCE,32,363,360,351,1074,2.5,NA,NA,NA,NA,24,81.4,386,20.7,26.2,35,0.3,34.5,64.5,0,52.3,47.7,108,54.6,9.300000000000002,Bronx,40.827602669,-73.90447525699966
09X412,BRONX HIGH SCHOOL OF BUSINESS,34,356,376,351,1083,26,31,9,1.1923076923076923,29.03225806451613,23,77.6,401,23.2,23.2,53,0.7,38.7,59.9,0.5,54.9,45.1,110,49.1,16.4,Bronx,40.8403733980004,-73.91083800799964
09X413,BRONX HIGH SCHOOL FOR MEDICAL SCIENCE,64,400,419,402,1221,2.5,NA,NA,NA,NA,26,76.9,455,5.7,8.6,21,5.3,36.7,57.8,0.2,42.2,57.8,103,83.5,1,Bronx,40.8403733980004,-73.91083800799964
09X414,JONATHAN LEVIN HIGH SCHOOL FOR MEDIA AND COMMUNICATIONS,35,379,364,379,1122,18,18,NA,1,NA,25,77.7,382,38.5,20.9,47,0.5,22.3,75.4,1.6,53.4,46.6,123,45.5,4.1,NA,NA,NA
09X505,"BRONX SCHOOL FOR LAW, GOVERNMENT AND JUSTICE",80,404,418,402,1224,45,55,27,1.2222222222222223,49.09090909090909,28,66.2,763,6.6,14,45,2,30.4,66.2,1,45.9,54.1,122,77,4.1,Bronx,40.82758936700048,-73.91866815999964
09X517,FREDERICK DOUGLASS ACADEMY III SECONDARY SCHOOL,50,368,384,369,1121,26,36,NA,1.3846153846153846,NA,23,79.7,532,6.4,17.7,35,1.1,56.2,41.4,0.4,51.5,48.5,87,78.2,1.1,Bronx,40.8341672500004,-73.90403294799967
09X525,BRONX LEADERSHIP ACADEMY HIGH SCHOOL,114,384,394,388,1166,40,42,8,1.05,19.047619047619047,27,76.9,705,9.6,20.3,69,0.7,41.1,57,0,43.3,56.7,178,68.5,18.5,Bronx,40.8435811950004,-73.90322003799963
09X543,HIGH SCHOOL FOR VIOLIN AND DANCE,27,353,315,371,1039,2.5,NA,NA,NA,NA,22,84.3,323,8.7,22.3,16,0.3,36.8,62.5,0,14.6,85.4,47,78.7,4.3,Bronx,40.827602669,-73.90447525699966
10X141,RIVERDALE / KINGSBRIDGE ACADEMY (MIDDLE SCHOOL / HIGH SCHOOL 141),113,438,455,440,1333,133,184,119,1.3834586466165413,64.67391304347827,27,39.7,1337,6.7,15.2,65,8.8,13,53,24.9,51.8,48.2,135,86.7,3.7,Bronx,40.8883728490004,-73.91409320399964
10X213,BRONX ENGINEERING AND TECHNOLOGY ACADEMY,86,373,412,365,1150,107,228,10,2.130841121495327,4.385964912280701,22,79.8,444,15.5,21.4,4,5.2,29.5,64.2,0.9,82.7,17.3,73,75.3,5.5,Bronx,40.8770494430004,-73.91233659899967
10X225,THEATRE ARTS PRODUCTION COMPANY SCHOOL,59,405,391,394,1190,17,27,NA,1.588235294117647,NA,25,67.4,524,4.4,18.9,3,1.1,27.3,69.7,1.1,30.9,69.1,62,93.5,1.6,Bronx,40.8546465990004,-73.89664555299964
10X237,"THE MARIE CURIE SCHOOL FOR MEDICINE, NURSING, AND HEALTH PROFESSIONS",79,382,393,382,1157,15,15,NA,1,NA,26,71.5,540,6.7,15.6,19,1.5,35.6,57.4,3.3,16.5,83.5,67,73.1,4.5,Bronx,40.87597544900046,-73.90123489199965
10X243,WEST BRONX ACADEMY FOR THE FUTURE,26,382,406,370,1158,25,29,14,1.16,48.275862068965516,25,86.3,636,13.2,19.5,15,3.5,24.7,69.5,1.3,57.9,42.1,72,48.6,16.7,Bronx,40.8600122210004,-73.88822960399966
10X268,KINGSBRIDGE INTERNATIONAL HIGH SCHOOL,52,304,356,302,962,32,37,NA,1.15625,NA,30,95.1,497,88.7,0.4,0,6.8,5.4,84.7,3,52.3,47.7,118,56.8,11,Bronx,40.8703774670004,-73.89816295199967
10X284,BRONX SCHOOL OF LAW AND FINANCE,54,402,395,385,1182,21,27,NA,1.2857142857142858,NA,23,74.2,422,7.1,15.2,21,0.7,31.5,65.2,2.6,56.6,43.4,99,58.6,19.2,Bronx,40.8770494430004,-73.91233659899967
10X319,PROVIDING URBAN LEARNERS SUCCESS IN EDUCATION HIGH SCHOOL,NA,NA,NA,NA,NA,2.5,NA,NA,NA,NA,17,81.8,213,5.2,16.4,1,0,37.6,61.5,0.5,40.4,59.6,113,21.2,21.2,NA,NA,NA
10X342,INTERNATIONAL SCHOOL FOR LIBERAL ARTS,49,300,333,301,934,55,73,45,1.3272727272727274,61.64383561643836,24,78.3,606,79.9,4.6,3,0.2,0,99.8,0,49,51,83,59,12,Bronx,40.8703774670004,-73.89816295199967
10X368,INsTECH ACADEMY (M.S. / HIGH SCHOOL 368),111,390,408,383,1181,40,54,17,1.35,31.48148148148148,26,77.9,1126,12.1,14.3,36,4,11.9,81.9,2,48.9,51.1,115,62.6,12.2,Bronx,40.8800500930004,-73.90920904799964
10X374,KNOWLEDGE AND POWER PREPARATORY ACADEMY INTERNATIONAL HIGH SCHOOL (KAPPA),61,392,401,387,1180,2.5,NA,NA,NA,NA,23,75.3,324,9.3,11.1,3,0.9,35.2,59.9,3.1,47.2,52.8,2,NA,NA,Bronx,40.8600122210004,-73.88822960399966
10X397,ENGLISH LANGUAGE LEARNERS AND INTERNATIONAL SUPPORT PREPARATORY ACADEMY (ELLIS),38,343,356,330,1029,2.5,NA,NA,NA,NA,18,92.8,316,80.4,0,NA,7,16.5,72.5,1.9,55.7,44.3,3,NA,NA,NA,NA,NA
10X433,HIGH SCHOOL FOR TEACHING AND THE PROFESSIONS,57,370,371,365,1106,62,83,13,1.3387096774193548,15.66265060240964,21,88.1,473,17.8,20.1,44,2.5,25.2,70.4,1.9,42.3,57.7,134,65.7,22.4,Bronx,40.8703774670004,-73.89816295199967
10X434,BELMONT PREPARATORY HIGH SCHOOL,51,404,418,400,1222,31,45,10,1.4516129032258065,22.22222222222222,22,76.8,407,11.3,15.7,43,3.2,29,65.6,1.7,47.2,52.8,96,63.5,11.5,Bronx,40.8600122210004,-73.88822960399966
10X437,FORDHAM HIGH SCHOOL FOR THE ARTS,48,355,350,372,1077,2.5,NA,NA,NA,NA,23,78.3,387,12.4,22.5,41,1.6,35.7,61.5,1.3,43.2,56.8,82,73.2,7.3,Bronx,40.8600122210004,-73.88822960399966
10X438,FORDHAM LEADERSHIP ACADEMY FOR BUSINESS AND TECHNOLOGY,63,367,385,367,1119,42,47,12,1.119047619047619,25.53191489361702,21,78.9,451,16.6,20.6,46,2.7,27.7,67.8,1.3,63.4,36.6,144,51.4,16,Bronx,40.8600122210004,-73.88822960399966
10X439,BRONX HIGH SCHOOL FOR LAW AND COMMUNITY SERVICE,65,366,364,352,1082,44,65,9,1.4772727272727273,13.846153846153847,22,80.2,432,13.4,20.8,33,2.3,30.8,64.6,0.9,44.4,55.6,115,40,12.2,Bronx,40.8600122210004,-73.88822960399966
10X440,DEWITT CLINTON HIGH SCHOOL,443,419,426,410,1255,366,540,262,1.4754098360655739,48.51851851851852,26,74.8,4159,19,14.9,352,6.7,30.8,59.6,2.1,51.1,48.9,1013,56.5,17.5,Bronx,40.8800818400004,-73.88590153299964
10X442,"CELIA CRUZ BRONX HIGH SCHOOL OF MUSIC, THE",52,423,420,427,1270,31,35,8,1.1290322580645162,22.857142857142858,23,74.7,423,3.5,7.8,2,0.5,27.2,69.5,2.4,40.7,59.3,82,74.4,7.3,Bronx,40.8703774670004,-73.89816295199967
10X445,BRONX HIGH SCHOOL OF SCIENCE,731,632,688,649,1969,1190,2435,2189,2.046218487394958,89.89733059548254,31,34.2,3013,0.1,0.1,0,63.5,3.5,7.2,25.4,57.8,42.2,668,98.4,0,Bronx,40.8770563680004,-73.88978035099967
10X475,JOHN F. KENNEDY HIGH SCHOOL,109,351,362,339,1052,46,48,19,1.0434782608695652,39.58333333333333,25,77.8,706,23.8,20.8,57,0.7,35.1,62.7,1.4,68.3,31.7,502,35.7,29.3,NA,NA,NA
10X477,MARBLE HILL HIGH SCHOOL FOR INTERNATIONAL STUDIES,99,414,435,414,1263,83,141,37,1.6987951807228916,26.24113475177305,23,83.9,456,32.2,6.8,0,11,23,57.9,7.5,46.7,53.3,107,88.8,0,Bronx,40.8770494430004,-73.91233659899967
10X478,LEARNING TO WORK GED AT JOHN F. KENNEDY,NA,NA,NA,NA,NA,2.5,NA,NA,NA,NA,NA,NA,NA,NA,NA,NA,NA,NA,NA,NA,NA,NA,NA,NA,NA,NA,NA,NA
10X546,BRONX THEATRE HIGH SCHOOL,68,348,362,354,1064,34,34,NA,1,NA,24,73.7,445,9.4,15.1,21,0.4,28.8,69,1.8,32.1,67.9,108,51.9,18.5,Bronx,40.8770494430004,-73.91233659899967
10X549,DISCOVERY HIGH SCHOOL,55,372,379,364,1115,2.5,NA,NA,NA,NA,24,80,529,20.6,17.8,53,2.1,20.2,75.6,1.3,52.4,47.6,96,64.6,13.5,Bronx,40.8703774670004,-73.89816295199967
10X660,GRACE DODGE CAREER AND TECHNICAL EDUCATION HIGH SCHOOL,73,362,382,356,1100,2.5,NA,NA,NA,NA,25,71,1162,18.8,24.1,153,1.5,30.1,67.1,0.9,40,60,362,42,27.1,NA,NA,NA
10X667,GRACE DODGE YABC,10,350,356,317,1023,2.5,NA,NA,NA,NA,NA,NA,NA,NA,NA,NA,NA,NA,NA,NA,NA,NA,NA,NA,NA,NA,NA,NA
10X696,HIGH SCHOOL OF AMERICAN STUDIES AT LEHMAN COLLEGE,92,636,648,636,1920,194,302,243,1.556701030927835,80.4635761589404,22,20.8,377,0,1.3,0,16.7,10.6,18,53.8,53.8,46.2,78,97.4,1.3,Bronx,40.871255374,-73.89751620399966
11X249,BRONX HEALTH SCIENCES HIGH SCHOOL,74,370,381,382,1133,2.5,NA,NA,NA,NA,23,73.9,377,6.1,7.4,8,4.8,56.8,36.3,0.5,35.3,64.7,58,96.6,0,Bronx,40.8741317980004,-73.83380451299968
11X253,BRONX HIGH SCHOOL FOR WRITING AND COMMUNICATION ARTS,46,400,357,390,1147,28,30,NA,1.0714285714285714,NA,24,72.4,422,8.5,14.5,23,2.4,48.3,47.6,1.7,40.8,59.2,118,66.9,11.9,Bronx,40.8757542110004,-73.86138783399963
11X265,BRONX LAB SCHOOL,81,377,391,367,1135,2.5,NA,NA,NA,NA,22,75.5,482,3.7,15.8,14,2.7,37.8,57.3,1.7,59.5,40.5,94,62.8,7.4,Bronx,40.8757542110004,-73.86138783399963
11X270,ACADEMY FOR SCHOLARSHIP AND ENTREPRENEURSHIP: A COLLEGE BOARD SCHOOL,56,386,394,361,1141,24,24,NA,1,NA,28,63.7,606,6.3,18.5,45,2.5,63.7,32,0.7,52,48,65,66.2,3.1,Bronx,40.88791921400047,-73.85287161399964
11X275,HIGH SCHOOL OF COMPUTERS AND TECHNOLOGY,72,381,376,354,1111,2.5,NA,NA,NA,NA,28,71.8,550,10.2,20.2,8,3.6,34.9,59.5,1.3,87.3,12.7,90,82.2,3.3,Bronx,40.8757542110004,-73.86138783399963
11X288,COLLEGIATE INSTITUTE FOR MATH AND SCIENCE,97,444,471,433,1348,79,111,33,1.4050632911392404,29.72972972972973,24,67.9,543,3.3,14,18,9.2,36.8,46.8,7,57.1,42.9,121,74.4,15.7,Bronx,40.8596983160004,-73.86074140399967
11X290,BRONX ACADEMY OF HEALTH CAREERS,69,387,365,383,1135,2.5,NA,NA,NA,NA,27,70.8,483,7.7,19,33,3.3,52.6,41.2,1,32.7,67.3,99,62.6,18.2,Bronx,40.8757542110004,-73.86138783399963
11X299,ASTOR COLLEGIATE ACADEMY,60,387,391,391,1169,36,48,12,1.3333333333333333,25,24,64.4,498,7.6,21.7,23,5.4,35.7,46,11.8,58.6,41.4,111,64.9,9,Bronx,40.8596983160004,-73.86074140399967
11X415,CHRISTOPHER COLUMBUS HIGH SCHOOL,121,367,361,353,1081,34,34,6,1,17.647058823529413,27,59.2,727,18.3,24.1,88,5.8,34.9,46.5,12.7,55.2,44.8,382,41.6,13.6,NA,NA,NA
11X417,YOUNG ADULT BOROUGH CNTR CHRISTOPHER COLUMBUS HS,NA,NA,NA,NA,NA,2.5,NA,NA,NA,NA,NA,NA,NA,NA,NA,NA,NA,NA,NA,NA,NA,NA,NA,NA,NA,NA,NA,NA
11X418,BRONX HIGH SCHOOL FOR THE VISUAL ARTS,48,419,433,416,1268,26,41,9,1.5769230769230769,21.951219512195124,27,68.7,483,5.2,20.9,26,1.9,29.2,62.3,6.4,58,42,95,62.1,15.8,Bronx,40.85143348500048,-73.86501795899966
11X455,HARRY S TRUMAN HIGH SCHOOL,189,386,397,368,1151,103,135,27,1.3106796116504855,20,29,50.6,1773,9.2,25.1,258,2,51.8,43.8,1.3,60,40,565,59.8,13.8,Bronx,40.8741317980004,-73.83380451299968
11X456,LEARNING TO WORK YABC AT TRUMAN HIGH SCHOOL,NA,NA,NA,NA,NA,2.5,NA,NA,NA,NA,NA,NA,NA,NA,NA,NA,NA,NA,NA,NA,NA,NA,NA,NA,NA,NA,NA,NA
11X513,NEW WORLD HIGH SCHOOL,72,332,381,335,1048,12,12,NA,1,NA,22,79.5,402,80.1,1.5,0,12.4,13.2,70.4,3.2,50,50,62,74.2,3.2,Bronx,40.88791921400047,-73.85287161399964
11X514,THE BRONXWOOD PREPARATORY ACADEMY,48,377,372,363,1112,2.5,NA,NA,NA,NA,23,66.7,416,7,20.9,42,1.9,58.2,37.3,1,61.3,38.7,66,50,15.2,Bronx,40.88791921400047,-73.85287161399964
11X541,GLOBAL ENTERPRISE HIGH SCHOOL,57,372,382,375,1129,2.5,NA,NA,NA,NA,21,80.3,270,14.4,17.8,22,4.1,35.9,54.1,5.6,56.7,43.3,116,50.9,16.4,NA,NA,NA
11X542,PELHAM PREPARATORY ACADEMY,76,431,438,419,1288,46,57,17,1.2391304347826086,29.82456140350877,27,61,507,2.2,14.2,29,2.4,40.2,49.7,6.9,48.1,51.9,111,89.2,3.6,Bronx,40.8596983160004,-73.86074140399967
11X544,HIGH SCHOOL FOR CONTEMPORARY ARTS,55,383,378,365,1126,2.5,NA,NA,NA,NA,26,71.9,479,10.2,21.3,34,1,37.2,59.9,1,55.3,44.7,118,60.2,2.5,Bronx,40.8757542110004,-73.86138783399963
11X545,BRONX AEROSPACE HIGH SCHOOL,46,388,393,382,1163,2.5,NA,NA,NA,NA,21,45.6,416,14.7,25.7,45,2.2,23.8,72.6,1.2,82.5,17.5,70,88.6,4.3,Bronx,40.8757542110004,-73.86138783399963
12X245,NEW DAY ACADEMY,25,348,344,354,1046,2.5,NA,NA,NA,NA,20,87,191,11,23,19,1,45.5,53.4,0,48.2,51.8,72,27.8,25,NA,NA,NA
12X248,"METROPOLITAN HIGH SCHOOL, THE",49,347,367,341,1055,25,25,NA,1,NA,23,86.6,339,21.8,20.9,16,1.8,24.2,72.9,0.9,54,46,104,71.2,12.5,Bronx,40.825226060000404,-73.89394988899966
12X251,EXPLORATIONS ACADEMY,57,381,381,360,1122,2.5,NA,NA,NA,NA,21,76.4,362,19.9,21.3,19,1.7,31.2,65.5,1.4,50.8,49.2,69,72.5,17.4,Bronx,40.83593732800045,-73.89046769299966
12X262,PERFORMANCE CONSERVATORY HIGH SCHOOL,30,361,353,360,1074,2.5,NA,NA,NA,NA,26,61.9,260,10,28.1,29,1.2,39.2,57.7,0.8,24.6,75.4,113,45.1,18.6,NA,NA,NA
12X267,BRONX LATIN,36,408,432,411,1251,2.5,NA,NA,NA,NA,22,79.3,418,13.6,21.5,34,0.2,25.6,73.2,1,49.8,50.2,2,NA,NA,Bronx,40.8277639790004,-73.90038681299967
12X271,EAST BRONX ACADEMY FOR THE FUTURE,46,366,378,358,1102,32,37,NA,1.15625,NA,27,86.2,619,11.6,24.1,40,1.9,29.4,68.3,0.2,53,47,74,67.6,12.2,Bronx,40.8369534260004,-73.88796175799968
12X278,PEACE AND DIVERSITY ACADEMY,34,390,401,364,1155,8,8,NA,1,NA,21,78.8,231,13.9,17.3,12,1.7,43.7,53.7,0.9,45,55,96,49,15.6,Bronx,40.825226060000404,-73.89394988899966
12X388,PAN AMERICAN INTERNATIONAL HIGH SCHOOL AT MONROE,30,321,351,298,970,2.5,NA,NA,NA,NA,15,100,406,92.9,0.2,1,0,0,99.8,0,51.5,48.5,NA,NA,NA,Bronx,40.8313664900004,-73.87882327699964
12X428,LEARNING TO WORK YABC AT MONROE ACADEMY,NA,NA,NA,NA,NA,2.5,NA,NA,NA,NA,NA,NA,NA,NA,NA,NA,NA,NA,NA,NA,NA,NA,NA,NA,NA,NA,NA,NA
12X446,ARTURO A. SCHOMBURG SATELLITE ACADEMY BRONX,14,380,372,349,1101,2.5,NA,NA,NA,NA,NA,62.1,228,4.8,9.2,0,0.4,41.2,57,0,33.3,66.7,NA,NA,NA,NA,NA,NA
12X478,THE CINEMA SCHOOL,NA,NA,NA,NA,NA,2.5,NA,NA,NA,NA,23,75.9,223,4,4,0,4.5,28.7,65,1.8,40.8,59.2,NA,NA,NA,Bronx,40.83136453200046,-73.87834467499965
12X479,BRONX CAREER AND COLLEGE PREPARATORY HIGH SCHOOL,NA,NA,NA,NA,NA,2.5,NA,NA,NA,NA,22,72.2,244,16.8,27.5,24,2.5,37.3,59.8,0.4,44.3,55.7,NA,NA,NA,Bronx,40.8277639790004,-73.90038681299967
12X480,BRONX REGIONAL HIGH SCHOOL,16,398,385,398,1181,2.5,NA,NA,NA,NA,27,NA,NA,NA,NA,NA,NA,NA,NA,NA,NA,NA,107,26.2,6.5,NA,NA,NA
12X550,HIGH SCHOOL OF WORLD CULTURES,42,304,323,312,939,2.5,NA,NA,NA,NA,23,90.6,369,86.4,0.5,0,2.4,10.8,84.6,0.5,52,48,52,69.2,1.9,Bronx,40.8313664900004,-73.87882327699964
12X682,FANNIE LOU HAMER FREEDOM HIGH SCHOOL,72,342,346,341,1029,2.5,NA,NA,NA,NA,22,81.1,477,11.5,26.2,41,0.2,30.6,68.8,0.2,54.1,45.9,119,60.5,7.6,Bronx,40.8308071540004,-73.88602131599964
12X684,WINGS ACADEMY,66,378,374,362,1114,20,27,NA,1.35,NA,25,66.4,538,4.5,22.3,57,1.3,55,42.2,1.3,53.7,46.3,116,66.4,10.3,Bronx,40.8418052210004,-73.87541771299965
12X690,MONROE ACADEMY FOR BUSINESS/LAW,31,375,387,376,1138,7,7,NA,1,NA,23,80.8,249,14.9,18.5,22,2.4,26.9,69.1,0.4,60.6,39.4,137,47.4,26.3,NA,NA,NA
12X692,MONROE ACADEMY FOR VISUAL ARTS & DESIGN,43,332,357,349,1038,2.5,NA,NA,NA,NA,22,87.3,466,28.8,20.8,43,0.9,20.4,77.5,1.3,52.6,47.4,112,47.3,11.6,Bronx,40.8313664900004,-73.87882327699964
13K265,DR. SUSAN S. MCKINNEY SECONDARY SCHOOL OF THE ARTS,29,352,349,373,1074,17,22,NA,1.2941176470588236,NA,21,71.1,443,4.3,20.3,42,0.5,72,24.6,1.8,37,63,81,81.5,3.7,Brooklyn,40.6963437730004,-73.97577110199967
13K336,ACADEMY OF BUSINESS AND COMMUNITY DEVELOPMENT,9,439,374,418,1231,2.5,NA,NA,NA,NA,21,59.1,225,3.1,21.3,11,2.7,88.9,7.1,0.4,99.6,0.4,NA,NA,NA,NA,NA,NA
13K350,URBAN ASSEMBLY HIGH SCHOOL OF MUSIC AND ART,52,360,364,356,1080,2.5,NA,NA,NA,NA,22,74.1,431,4.6,22.5,39,1.9,73.3,22.7,0.9,42.7,57.3,96,71.9,7.3,Brooklyn,40.6971747270004,-73.98495968899965
13K412,"BROOKLYN COMMUNITY HIGH SCHOOL OF COMMUNICATION, ARTS AND MEDIA",37,375,355,384,1114,21,21,NA,1,NA,25,68.9,462,2.4,18,10,0.6,79.2,17.1,1.3,45.5,54.5,78,50,2.6,Brooklyn,40.6925822560004,-73.95887311699965
13K419,"SCIENCE SKILLS CENTER HIGH SCHOOL FOR SCIENCE, TECHNOLOGY AND THE CREATIVE ARTS",92,399,417,395,1211,52,59,NA,1.1346153846153846,NA,27,60.7,517,7,13.7,21,7.2,77.8,12.2,2.1,56.1,43.9,231,59.3,7.4,Brooklyn,40.6971747270004,-73.98495968899965
13K430,BROOKLYN TECHNICAL HIGH SCHOOL,1277,587,659,587,1833,2117,3692,2687,1.7439773264052905,72.77898158179849,32,50.7,5332,0.1,0.5,0,60.3,10.2,7.9,21.3,58.3,41.7,1097,91.4,0.2,Brooklyn,40.68810742300047,-73.97674507199963
13K439,BROOKLYN INTERNATIONAL HIGH SCHOOL,90,305,364,312,981,2.5,NA,NA,NA,NA,20,80,367,83.1,0,NA,42.5,20.2,28.6,8.7,48.2,51.8,115,81.7,4.3,Brooklyn,40.6971747270004,-73.98495968899965
13K483,THE URBAN ASSEMBLY SCHOOL FOR LAW AND JUSTICE,105,400,417,389,1206,31,57,24,1.8387096774193548,42.10526315789473,22,60.5,450,0.9,13.3,8,0.9,79.1,17.1,1.1,39.6,60.4,109,84.4,1.8,Brooklyn,40.6946201190004,-73.98862394499963
13K499,ACORN COMMUNITY HIGH SCHOOL,72,384,364,368,1116,64,95,NA,1.484375,NA,27,81,731,2.9,18.6,52,1.2,84.7,12.2,0.8,55.8,44.2,169,73.4,8.300000000000002,Brooklyn,40.67850891400047,-73.96206730599965
13K509,FREEDOM ACADEMY HIGH SCHOOL,29,400,390,403,1193,74,89,NA,1.2027027027027026,NA,23,68,218,1.8,14.2,7,1.4,82.1,15.1,0.9,43.6,56.4,58,62.1,5.2,NA,NA,NA
13K527,URBAN ASSEMBLY INSTITUTE OF MATH AND SCIENCE FOR YOUNG WOMEN,NA,NA,NA,NA,NA,2.5,NA,NA,NA,NA,25,62.2,469,1.5,13.2,4,5.1,79.3,11.7,2.6,0,100,NA,NA,NA,Brooklyn,40.6946201190004,-73.98862394499963
13K553,BROOKLYN ACADEMY HIGH SCHOOL,8,435,383,379,1197,2.5,NA,NA,NA,NA,22,NA,NA,NA,NA,NA,NA,NA,NA,NA,NA,NA,55,16.4,20,NA,NA,NA
13K575,BEDFORD STUYVESANT PREPARATORY HIGH SCHOOL,13,398,391,394,1183,2.5,NA,NA,NA,NA,18,74.6,152,0.7,0,NA,0,83.6,12.5,2,35.5,64.5,52,28.8,3.8,NA,NA,NA
13K595,BEDFORD ACADEMY HIGH SCHOOL,89,438,443,431,1312,43,57,16,1.3255813953488371,28.07017543859649,22,46.7,367,1.1,4.1,1,2.7,89.4,7.1,0.3,49,51,76,92.1,3.9,Brooklyn,40.6853812690004,-73.95426759999964
13K605,GEORGE WESTINGHOUSE CAREER AND TECHNICAL EDUCATION HIGH SCHOOL,85,406,391,392,1189,35,35,NA,1,NA,27,65,927,1.9,14.1,60,2.8,79.8,15.3,1.3,75.5,24.5,246,52,11,Brooklyn,40.6949444070004,-73.98603532399966
13K616,BROOKLYN HIGH SCHOOL FOR LEADERSHIP AND COMMUNITY SERVICE,NA,NA,NA,NA,NA,2.5,NA,NA,NA,NA,18,63.9,212,2.4,7.5,2,0.5,68.4,28.3,1.4,49.5,50.5,88,8,26.1,NA,NA,NA
13K670,BENJAMIN BANNEKER ACADEMY,185,471,472,448,1391,132,149,62,1.128787878787879,41.61073825503356,28,47.4,895,0,3,10,2.7,87,8.8,0.4,46.1,53.9,234,92.3,2.6,Brooklyn,40.6956624130004,-73.96928607699965
13K674,"CITY POLYTECHNIC HIGH SCHOOL OF ENGINEERING, ARCHITECTURE, AND TECHNOLOGY",20,441,499,413,1353,2.5,NA,NA,NA,NA,21,61.9,335,3.6,15.8,24,7.5,58.2,26.3,4.5,79.4,20.6,NA,NA,NA,Brooklyn,40.6949444070004,-73.98603532399966
14K071,JUAN MOREL CAMPOS SECONDARY SCHOOL,102,365,361,359,1085,16,16,12,1,75,30,76.6,865,24.9,26.7,113,0.2,15.3,80.6,3.4,54.7,45.3,100,40,18,Brooklyn,40.703577361,-73.95323731199966
14K322,FOUNDATIONS ACADEMY,NA,NA,NA,NA,NA,42,53,NA,1.2619047619047619,NA,21,78.7,141,5.7,28.4,21,1.4,66.7,29.8,1.4,56.7,43.3,60,68.3,3.3,Brooklyn,40.6970610830004,-73.94667520499968
14K404,ACADEMY FOR YOUNG WRITERS,68,387,357,381,1125,2.5,NA,NA,NA,NA,23,65.3,400,2.5,12.7,6,0.7,63.5,32.2,3,24.2,75.7,78,76.9,3.8,NA,NA,NA
14K449,"BROOKLYN LATIN SCHOOL, THE",72,586,584,570,1740,2.5,NA,NA,NA,NA,23,53.3,468,0.4,1.1,0,36.8,26.7,17.9,14.5,54.9,45.1,51,92.2,0,Brooklyn,40.70989996000048,-73.94365993499963
14K454,GREEN SCHOOL: AN ACADEMY FOR ENVIRONMENTAL CAREERS,41,407,386,396,1189,2.5,NA,NA,NA,NA,24,72.9,392,11.5,15.3,8,2,47.7,46.9,2.6,46.2,53.8,96,54.2,15.6,Brooklyn,40.70989996000048,-73.94365993499963
14K474,PROGRESS HIGH SCHOOL FOR PROFESSIONAL CAREERS,144,364,379,371,1114,50,66,NA,1.32,NA,26,84.8,1068,16.1,13,28,0.7,32.6,65.4,1,48.5,51.5,207,64.3,6.3,Brooklyn,40.7119631130004,-73.94043436699963
14K477,SCHOOL FOR LEGAL STUDIES,134,413,396,395,1204,24,27,NA,1.125,NA,27,65.6,759,5.7,13,9,0.9,57.7,39.3,1.7,45.8,54.2,146,58.9,16.4,Brooklyn,40.7119631130004,-73.94043436699963
14K478,"THE HIGH SCHOOL FOR ENTERPRISE, BUSINESS AND TECHNOLOGY",142,398,421,396,1215,94,129,19,1.372340425531915,14.728682170542637,29,74.2,976,9.9,13.2,20,3.2,39.3,55.4,1.9,65.7,34.3,161,83.2,3.1,Brooklyn,40.7119631130004,-73.94043436699963
14K488,BROOKLYN PREPARATORY HIGH SCHOOL,42,367,373,350,1090,28,46,7,1.6428571428571428,15.217391304347828,23,80.3,400,2.7,18.8,8,1.7,58.7,37.7,1,47.7,52.2,75,78.7,6.7,Brooklyn,40.7150375510004,-73.95464995899965
14K558,WILLIAMSBURG HIGH SCHOOL FOR ARCHITECTURE AND DESIGN,72,363,385,364,1112,30,48,NA,1.6,NA,25,82.6,500,7,17.6,14,1.4,38.4,57.2,2.2,72.6,27.4,97,82.5,7.2,Brooklyn,40.7150375510004,-73.95464995899965
14K561,WILLIAMSBURG PREPARATORY SCHOOL,113,397,410,380,1187,31,41,NA,1.3225806451612903,NA,25,81,577,2.8,12.7,4,1.6,25.5,61.5,11.1,51,49,108,86.1,7.4,Brooklyn,40.7150375510004,-73.95464995899965
14K586,LYONS COMMUNITY SCHOOL,31,371,377,355,1103,2.5,NA,NA,NA,NA,21,78.6,527,14.6,22,23,1.1,41.7,54.6,2.1,53.7,46.3,4,NA,NA,Brooklyn,40.70989996000048,-73.94365993499963
14K610,AUTOMOTIVE HIGH SCHOOL,94,367,376,350,1093,2.5,NA,NA,NA,NA,26,67.1,723,4.7,30.3,70,1.4,66.1,30.2,1.7,95.6,4.4,233,54.5,14.2,Brooklyn,40.7226426400004,-73.95258304499964
14K632,FRANCES PERKINS ACADEMY,12,382,372,368,1122,2.5,NA,NA,NA,NA,17,86.9,173,9.8,24.9,6,0,64.7,31.2,4,76.9,23.1,NA,NA,NA,Brooklyn,40.7226426400004,-73.95258304499964
14K685,EL PUENTE ACADEMY FOR PEACE AND JUSTICE,28,359,335,341,1035,2.5,NA,NA,NA,NA,22,80.4,218,17,23.4,10,1.8,10.1,87.6,0.5,42.7,57.3,41,68.3,2.4,Brooklyn,40.70576593100048,-73.95572857199966
14K923,AUTOMOTIVE HIGH SCHOOL YABC,NA,NA,NA,NA,NA,2.5,NA,NA,NA,NA,NA,NA,NA,NA,NA,NA,NA,NA,NA,NA,NA,NA,NA,NA,NA,NA,NA,NA
15K429,BROOKLYN SCHOOL FOR GLOBAL STUDIES,52,361,367,383,1111,2.5,NA,NA,NA,NA,25,68.2,354,5.9,25.4,30,2.3,54.5,39,3.4,56.2,43.8,91,52.7,3.3,Brooklyn,40.6854518060004,-73.99349146499964
15K448,BROOKLYN SECONDARY SCHOOL FOR COLLABORATIVE STUDIES,76,393,399,387,1179,2.5,NA,NA,NA,NA,23,57.2,692,4.5,29.2,24,4.3,34.2,48.1,12.6,59.1,40.9,76,84.2,3.9,Brooklyn,40.67986399800048,-74.00148225799967
15K462,SECONDARY SCHOOL FOR LAW,59,398,411,394,1203,2.5,NA,NA,NA,NA,26,76.1,473,6.3,12.7,30,2.5,62.4,29.6,5.5,44.2,55.8,89,61.8,4.5,Brooklyn,40.6695981750004,-73.97925552199968
15K463,SECONDARY SCHOOL FOR JOURNALISM,58,397,391,381,1169,22,22,NA,1,NA,24,77,336,16.7,13.4,24,9.2,42,43.2,5.4,42.3,57.7,94,54.3,7.4,Brooklyn,40.6695981750004,-73.97925552199968
15K464,PARK SLOPE COLLEGIATE,72,379,416,380,1175,2.5,NA,NA,NA,NA,27,78,394,9.6,16.5,48,8.6,33.2,51.8,5.3,52.8,47.2,87,58.6,6.9,Brooklyn,40.6695981750004,-73.97925552199968
15K497,SCHOOL FOR INTERNATIONAL STUDIES,64,405,415,392,1212,30,34,NA,1.1333333333333333,NA,24,68.1,486,14.6,15.2,39,6.2,40.9,38.9,14,50.8,49.2,65,63.1,10.8,Brooklyn,40.6854518060004,-73.99349146499964
15K519,COBBLE HILL SCHOOL OF AMERICAN STUDIES,77,398,402,385,1185,25,36,NA,1.44,NA,27,73.4,663,7.5,18.9,62,5.1,71.5,21,2.3,43.9,56.1,142,63.4,14.1,Brooklyn,40.6845791370004,-73.99109316299968
15K520,PACIFIC HIGH SCHOOL,9,352,341,300,993,2.5,NA,NA,NA,NA,20,NA,NA,NA,NA,NA,NA,NA,NA,NA,NA,NA,71,12.7,12.7,NA,NA,NA
15K529,WEST BROOKLYN COMMUNITY HIGH SCHOOL,NA,NA,NA,NA,NA,2.5,NA,NA,NA,NA,16,NA,NA,NA,NA,NA,NA,NA,NA,NA,NA,NA,107,10.3,9.300000000000002,NA,NA,NA
15K530,METROPOLITAN CORPORATE ACADEMY HIGH SCHOOL,28,368,365,368,1101,14,14,NA,1,NA,22,68.2,186,1.1,17.2,16,0.5,80.6,16.7,0,50,50,84,41.7,14.3,NA,NA,NA
15K656,BROOKLYN HIGH SCHOOL OF THE ARTS,141,426,421,411,1258,2.5,NA,NA,NA,NA,27,59.3,678,0.1,7.2,14,1.8,76.5,19,2.2,33.9,66.1,100,72,2,Brooklyn,40.68365399000049,-73.98047275099964
15K667,SUNSET PARK HIGH SCHOOL,NA,NA,NA,NA,NA,2.5,NA,NA,NA,NA,27,79.9,988,14.4,22.3,28,4.7,7.8,80.8,6.7,50.7,49.3,NA,NA,NA,Brooklyn,40.6559528440004,-74.00549732499962
15K698,SOUTH BROOKLYN COMMUNITY HIGH SCHOOL,8,430,416,425,1271,2.5,NA,NA,NA,NA,19,74,149,2,6,2,0.7,21.5,72.5,4,45,55,55,12.7,12.7,NA,NA,NA
16K393,FREDERICK DOUGLASS ACADEMY IV SECONDARY SCHOOL,20,355,355,358,1068,2.5,NA,NA,NA,NA,22,71,439,1.4,17.1,7,0.9,83.6,14.1,0.5,48.7,51.3,71,77.5,1.4,Brooklyn,40.6921337040004,-73.93150317199962
16K455,BOYS AND GIRLS HIGH SCHOOL,131,365,370,362,1097,22,32,NA,1.4545454545454546,NA,27,61.7,1631,2.5,20.5,167,0.5,90,7.8,0.7,61.7,38.3,530,38.9,19.2,Brooklyn,40.6794330450004,-73.93243176999965
16K498,BROOKLYN HIGH SCHOOL FOR LAW AND TECHNOLOGY,46,362,372,358,1092,49,80,NA,1.6326530612244898,NA,27,74.5,405,4.7,20.7,44,1,72.8,24.9,0,51.6,48.4,NA,NA,NA,Brooklyn,40.6889255420004,-73.92108409899964
16K594,GOTHAM PROFESSIONAL ARTS ACADEMY,36,370,372,351,1093,2.5,NA,NA,NA,NA,NA,58.6,294,2.4,17.3,10,1,78.6,19.4,0.7,43.2,56.8,3,NA,NA,Brooklyn,40.6804554730004,-73.92219609199964
16K688,THE BROOKLYN ACADEMY OF GLOBAL FINANCE,NA,NA,NA,NA,NA,2.5,NA,NA,NA,NA,21,57.4,159,6.3,20.8,19,1.9,74.2,20.8,2.5,51.6,48.4,NA,NA,NA,Brooklyn,40.69153776500047,-73.93372578199967
17K382,ACADEMY FOR COLLEGE PREPARATION AND CAREER EXPLORATION: A COLLEGE BOARD SCHOOL,59,396,374,369,1139,64,82,7,1.28125,8.536585365853659,25,57,565,5,10.8,9,0.2,92,6.7,1.1,53.8,46.2,69,84.1,4.3,Brooklyn,40.6494396750004,-73.95843119799963
17K408,ACADEMY OF HOSPITALITY AND TOURISM,57,352,342,351,1045,2.5,NA,NA,NA,NA,25,65.5,319,12.9,15.4,4,1.6,84.3,12.9,0.9,49.8,50.2,81,69.1,3.7,Brooklyn,40.6494396750004,-73.95843119799963
17K467,ERASMUS YABC,NA,NA,NA,NA,NA,2.5,NA,NA,NA,NA,NA,NA,NA,NA,NA,NA,NA,NA,NA,NA,NA,NA,NA,NA,NA,NA,NA,NA
17K489,W.E.B. DUBOIS ACADEMIC HIGH SCHOOL,7,394,364,334,1092,2.5,NA,NA,NA,NA,22,70.3,199,0.5,11.1,0,1,93.5,4,0.5,45.7,54.3,81,19.8,34.6,NA,NA,NA
17K524,INTERNATIONAL HIGH SCHOOL AT PROSPECT HEIGHTS,71,287,335,291,913,2.5,NA,NA,NA,NA,24,80.9,401,91,1,0,28.4,29.2,27.9,14.2,59.1,40.9,84,39.30000000000001,8.300000000000002,Brooklyn,40.6702989070004,-73.96164787599963
17K528,THE HIGH SCHOOL FOR GLOBAL CITIZENSHIP,46,403,385,388,1176,20,34,NA,1.7,NA,26,68.7,343,5.2,13.4,20,1.5,89.2,7.3,1.5,50.1,49.9,104,61.5,14.4,Brooklyn,40.6702989070004,-73.96164787599963
17K531,"SCHOOL FOR HUMAN RIGHTS, THE",35,348,381,359,1088,2.5,NA,NA,NA,NA,31,73.2,386,6.2,15,9,0.8,88.9,8.3,1.6,51.6,48.4,60,81.7,6.7,Brooklyn,40.659517006,-73.94254649899966
17K533,SCHOOL FOR DEMOCRACY AND LEADERSHIP,38,377,404,372,1153,2.5,NA,NA,NA,NA,23,68.3,406,3.7,14.5,20,0.5,89.4,8.4,1.5,52,48,74,0,8.1,Brooklyn,40.659517006,-73.94254649899966
17K537,HIGH SCHOOL FOR YOUTH AND COMMUNITY DEVELOPMENT AT ERASMUS,73,338,349,340,1027,21,37,NA,1.7619047619047619,NA,23,60.9,385,9.1,15.8,8,1,87.3,9.1,1,61.6,38.4,100,56,8,Brooklyn,40.6494396750004,-73.95843119799963
17K539,HIGH SCHOOL FOR SERVICE & LEARNING AT ERASMUS,61,362,375,368,1105,2.5,NA,NA,NA,NA,28,65.3,422,8.8,19.2,12,2.1,87,9,1.7,63.3,36.7,116,77.6,12.9,Brooklyn,40.6494396750004,-73.95843119799963
17K543,"SCIENCE, TECHNOLOGY AND RESEARCH EARLY COLLEGE HIGH SCHOOL AT ERASMUS",69,457,462,441,1360,2.5,NA,NA,NA,NA,23,63.3,521,0,2.3,0,3.1,83.9,9.4,1.3,53,47,76,98.7,0,Brooklyn,40.6494396750004,-73.95843119799963
17K544,INTERNATIONAL ARTS BUSINESS SCHOOL,54,386,391,369,1146,2.5,NA,NA,NA,NA,23,69.3,390,7.9,17.4,24,0.8,86.9,10,1.3,47.9,52.1,108,49.1,6.5,NA,NA,NA
17K546,HIGH SCHOOL FOR PUBLIC SERVICE: HEROES OF TOMORROW,79,418,441,414,1273,106,130,13,1.2264150943396226,10,23,70.3,417,0.5,4.1,1,3.6,82.5,12.2,0.7,24.9,75.1,93,94.6,0,Brooklyn,40.659517006,-73.94254649899966
17K547,BROOKLYN ACADEMY OF SCIENCE AND THE ENVIRONMENT,63,388,382,373,1143,49,59,NA,1.2040816326530612,NA,21,80.9,471,6.8,11.9,12,4,79.6,14.2,1.5,54.4,45.6,110,69.1,5.5,Brooklyn,40.6702989070004,-73.96164787599963
17K548,BROOKLYN SCHOOL FOR MUSIC & THEATRE,48,385,393,373,1151,37,41,9,1.1081081081081081,21.951219512195124,26,60.5,412,0.5,12.1,3,1,82.8,15.3,1,32.8,67.2,88,73.9,2.3,Brooklyn,40.6702989070004,-73.96164787599963
17K568,BROWNSVILLE ACADEMY HIGH SCHOOL,16,372,356,335,1063,2.5,NA,NA,NA,NA,18,NA,NA,NA,NA,NA,NA,NA,NA,NA,NA,NA,75,12,20,NA,NA,NA
17K590,MEDGAR EVERS COLLEGE PREPARATORY SCHOOL,165,476,481,479,1436,272,507,86,1.8639705882352942,16.962524654832347,28,59.1,1104,0,0.5,0,0.9,95.7,2.8,0,41.8,58.2,156,93.6,3.8,Brooklyn,40.6671620820004,-73.95085795499966
17K600,CLARA BARTON HIGH SCHOOL,259,425,413,413,1251,135,211,63,1.5629629629629629,29.85781990521327,29,73,1608,8.3,12.7,133,1.8,91.2,5.8,0.7,23.8,76.2,488,60.7,12.9,Brooklyn,40.6702705570004,-73.96165482399965
17K625,PAUL ROBESON HIGH SCHOOL,53,365,363,355,1083,50,51,NA,1.02,NA,25,77.9,326,3.4,25.5,31,0.9,87.1,9.5,1.5,54.9,45.1,292,46.6,12.7,NA,NA,NA
17K751,ACADEMY FOR HEALTH CAREERS,NA,NA,NA,NA,NA,2.5,NA,NA,NA,NA,NA,87.7,138,8,15.2,12,3.6,81.2,13.8,1.4,27.5,72.5,NA,NA,NA,Brooklyn,40.6754023070004,-73.93888117599965
18K563,IT TAKES A VILLAGE ACADEMY,56,313,320,330,963,2.5,NA,NA,NA,NA,21,76.5,382,30.4,11.5,3,1.8,92.9,4.5,0.5,49,51,4,NA,NA,Brooklyn,40.6486636630004,-73.92189876199967
18K566,BROOKLYN GENERATION SCHOOL,29,374,377,394,1145,2.5,NA,NA,NA,NA,20,60.5,331,5.7,19.6,10,1.5,88.8,8.5,0.9,61,39,4,NA,NA,Brooklyn,40.6326274300004,-73.91779798899967
18K567,BROOKLYN THEATRE ARTS HIGH SCHOOL,54,383,358,377,1118,2.5,NA,NA,NA,NA,26,67.8,382,5,18.6,7,0.5,84.3,12.8,2.1,36.1,63.9,3,NA,NA,Brooklyn,40.6326274300004,-73.91779798899967
18K569,KURT HAHN EXPEDITIONARY LEARNING SCHOOL,43,368,378,346,1092,2.5,NA,NA,NA,NA,26,62.6,294,9.5,20.1,6,0,88.1,8.8,1.7,64.3,35.7,5,NA,NA,Brooklyn,40.6486636630004,-73.92189876199967
18K576,VICTORY COLLEGIATE HIGH SCHOOL,63,387,377,379,1143,2.5,NA,NA,NA,NA,25,64.1,325,5.2,16.6,8,0.3,93.5,5.8,0,48.9,51.1,3,NA,NA,Brooklyn,40.6326274300004,-73.91779798899967
18K578,BROOKLYN BRIDGE ACADEMY,17,384,362,351,1097,2.5,NA,NA,NA,NA,17,65,217,2.8,11.1,3,0.9,88,9.2,0.9,58.5,41.5,87,14.9,16.1,NA,NA,NA
18K589,ARTS & MEDIA PREPARATORY ACADEMY,48,361,360,359,1080,2.5,NA,NA,NA,NA,20,54.4,293,3.4,17.4,7,0.7,89.4,9.6,0,47.4,52.6,4,NA,NA,Brooklyn,40.6584570300004,-73.92903317399964
18K617,HIGH SCHOOL FOR INNOVATION IN ADVERTISING AND MEDIA,37,404,393,386,1183,2.5,NA,NA,NA,NA,20,61.3,310,8.1,18.1,15,1.3,85.8,10.6,1.3,66.5,33.5,NA,NA,NA,Brooklyn,40.64184426800045,-73.89868729099965
18K629,CULTURAL ACADEMY FOR THE ARTS AND SCIENCES,33,393,395,381,1169,2.5,NA,NA,NA,NA,18,71.6,299,7.7,18.4,7,1.3,86.6,11.4,0.7,51.5,48.5,2,NA,NA,Brooklyn,40.6486636630004,-73.92189876199967
18K633,HIGH SCHOOL FOR MEDICAL PROFESSIONS,75,386,380,393,1159,2.5,NA,NA,NA,NA,27,75.2,460,3.3,10.4,7,1.7,85,12.4,0.2,21.5,78.5,NA,NA,NA,Brooklyn,40.64184426800045,-73.89868729099965
18K635,OLYMPUS ACADEMY,7,400,370,370,1140,2.5,NA,NA,NA,NA,15,51.1,203,1.5,9.4,0,1,86.2,11.3,1,50.2,49.8,101,16.8,8.9,NA,NA,NA
18K637,ACADEMY FOR CONSERVATION AND THE ENVIRONMENT,35,363,381,367,1111,2.5,NA,NA,NA,NA,20,54.5,274,6.9,16.8,10,2.2,83.9,12,1.5,54.7,45.3,NA,NA,NA,Brooklyn,40.6326274300004,-73.91779798899967
18K642,URBAN ACTION ACADEMY,40,376,385,374,1135,2.5,NA,NA,NA,NA,21,76.4,305,11.1,12.5,9,2.3,82.3,10.5,3.9,62.6,37.4,NA,NA,NA,Brooklyn,40.64184426800045,-73.89868729099965
18K673,EAST BROOKLYN COMMUNITY HIGH SCHOOL,12,410,403,378,1191,2.5,NA,NA,NA,NA,19,56.7,203,0.5,8.9,1,1,88.7,9.4,0.5,52.2,47.8,69,4.3,8.700000000000001,NA,NA,NA
19K409,EAST NEW YORK FAMILY ACADEMY,54,416,432,394,1242,2.5,NA,NA,NA,NA,19,72.2,433,0.5,2.1,0,0.5,67.2,30.3,1.4,43.2,56.8,91,79.1,3.3,Brooklyn,40.6606370240004,-73.88634164999962
19K420,FRANKLIN K. LANE HIGH SCHOOL,NA,NA,NA,NA,NA,10,10,NA,1,NA,20,64.3,112,38.4,12.5,2,4.5,11.6,82.1,1.8,51.8,48.2,494,38.30000000000001,23.5,NA,NA,NA
19K431,THOMAS JEFFERSON YABC,NA,NA,NA,NA,NA,2.5,NA,NA,NA,NA,NA,NA,NA,NA,NA,NA,NA,NA,NA,NA,NA,NA,NA,NA,NA,NA,NA,NA
19K502,FDNY HIGH SCHOOL FOR FIRE AND LIFE SAFETY,37,341,349,333,1023,2.5,NA,NA,NA,NA,24,70.9,381,5,21,11,1,73.8,23.4,1.6,81.1,18.9,87,55.2,23,Brooklyn,40.6675531110004,-73.89480053699964
19K504,HIGH SCHOOL FOR CIVIL RIGHTS,47,363,349,342,1054,12,18,NA,1.5,NA,26,60.5,401,9.7,16.2,14,2,74.3,22.2,1,54.4,45.6,111,59.5,10.8,Brooklyn,40.6675531110004,-73.89480053699964
19K507,PERFORMING ARTS AND TECHNOLOGY HIGH SCHOOL,61,380,386,383,1149,2.5,NA,NA,NA,NA,25,76,453,4.9,19.6,26,0.7,81.5,17.4,0,51.4,48.6,111,68.5,8.1,Brooklyn,40.6675531110004,-73.89480053699964
19K510,WORLD ACADEMY FOR TOTAL COMMUNITY HEALTH HIGH SCHOOL,68,371,365,370,1106,22,22,NA,1,NA,24,72.6,380,4.2,14.7,13,2.1,81.1,14.2,1.3,36.8,63.2,95,24.2,8.4,Brooklyn,40.6675531110004,-73.89480053699964
19K583,MULTICULTURAL HIGH SCHOOL,29,279,322,286,887,44,44,39,1,88.63636363636364,24,73.4,406,94.6,1,0,0,0.2,99.8,0,49.8,50.2,3,NA,NA,Brooklyn,40.6911439620004,-73.86842605699962
19K615,TRANSIT TECH CAREER AND TECHNICAL EDUCATION HIGH SCHOOL,182,395,418,380,1193,138,164,18,1.1884057971014492,10.975609756097562,27,62.3,1317,2.4,14.2,66,4.4,70.5,23.2,1.5,84.1,15.9,346,65.3,7.2,Brooklyn,40.678230731,-73.87597301199963
19K618,ACADEMY OF INNOVATIVE TECHNOLOGY,60,371,371,354,1096,2.5,NA,NA,NA,NA,23,75.8,404,12.1,19.3,17,7.4,38.4,50.2,3,70.3,29.7,1,NA,NA,Brooklyn,40.6911439620004,-73.86842605699962
19K639,BROOKLYN LAB SCHOOL,57,360,385,363,1108,2.5,NA,NA,NA,NA,25,76,397,15.4,19.4,21,1.5,30.7,65,1.3,58.4,41.6,1,NA,NA,Brooklyn,40.6911439620004,-73.86842605699962
19K659,CYPRESS HILLS COLLEGIATE PREPARATORY SCHOOL,51,376,385,368,1129,21,21,10,1,47.61904761904761,24,67.1,437,16.2,11.7,13,8.2,16.9,73.2,1.4,47.8,52.2,106,57.5,7.5,Brooklyn,40.6911439620004,-73.86842605699962
19K660,W. H. MAXWELL CAREER AND TECHNICAL EDUCATION HIGH SCHOOL,74,370,369,363,1102,46,46,NA,1,NA,25,73.3,590,5.3,26.6,93,0.5,71.9,25.4,0.7,29.8,70.2,226,43.4,20.4,Brooklyn,40.67422421400044,-73.89645352099967
19K683,"THE SCHOOL FOR CLASSICS: AN ACADEMY OF THINKERS, WRITERS AND PERFORMERS",38,383,400,374,1157,2.5,NA,NA,NA,NA,26,81.9,311,9,17.7,34,10,54.3,34.7,0.6,37.6,62.4,NA,NA,NA,Brooklyn,40.6706832500004,-73.87421747999963
20K445,NEW UTRECHT HIGH SCHOOL,456,402,471,399,1272,174,271,95,1.5574712643678161,35.05535055350554,28,59,3276,23,15.6,182,35.9,5.5,28,30.5,59.3,40.7,621,64.3,5.8,Brooklyn,40.6134244940004,-74.00365376599967
20K485,HIGH SCHOOL OF TELECOMMUNICATION ARTS AND TECHNOLOGY,238,425,474,424,1323,251,413,123,1.6454183266932272,29.782082324455207,30,67.3,1280,4.9,19.4,46,19.2,9.5,54.1,16.8,53.5,46.5,297,75.8,6.1,Brooklyn,40.6372457160004,-74.02381647299967
20K490,FORT HAMILTON HIGH SCHOOL,694,417,478,411,1306,357,576,331,1.6134453781512605,57.46527777777778,28,45.9,4275,21.2,12.8,270,30.3,5,30.2,34.2,53.4,46.6,986,65.9,14.2,Brooklyn,40.6279133730004,-74.03995233799964
20K505,FRANKLIN DELANO ROOSEVELT HIGH SCHOOL,385,383,486,375,1244,228,340,186,1.4912280701754386,54.70588235294118,28,74.3,3108,39.4,10.8,186,44.2,9.4,27.3,18.6,58.4,41.6,859,52.7,22.5,Brooklyn,40.62026337300045,-73.98201099999966
20K609,THE URBAN ASSEMBLY SCHOOL FOR CRIMINAL JUSTICE,NA,NA,NA,NA,NA,2.5,NA,NA,NA,NA,13,82.7,374,15.5,17.1,6,35,33.7,21.9,9.1,0,100,NA,NA,NA,Brooklyn,40.6349080950004,-73.98151907699963
20K658,FRANKLIN DELANO ROOSEVELT YABC,18,338,477,316,1131,2.5,NA,NA,NA,NA,NA,NA,NA,NA,NA,NA,NA,NA,NA,NA,NA,NA,NA,NA,NA,NA,NA,NA
21K337,INTERNATIONAL HIGH SCHOOL AT LAFAYETTE,54,326,386,314,1026,2.5,NA,NA,NA,NA,17,73.8,343,89.2,0.3,1,42,14,21,22.7,58.9,41.1,71,43.7,9.9,Brooklyn,40.5935938110004,-73.98472923199967
21K344,RACHEL CARSON HIGH SCHOOL FOR COASTAL STUDIES,54,402,427,408,1237,34,64,NA,1.8823529411764706,NA,26,70.4,481,11,16,4,12.3,24.1,25.8,37.6,53.6,46.4,113,62.8,7.1,Brooklyn,40.58211615000044,-73.97289449199963
21K348,HIGH SCHOOL OF SPORTS MANAGEMENT,39,388,398,378,1164,10,10,NA,1,NA,26,69.2,370,2.4,14.6,11,2.7,68.4,23,5.9,88.9,11.1,65,75.4,9.200000000000001,Brooklyn,40.5935938110004,-73.98472923199967
21K410,ABRAHAM LINCOLN HIGH SCHOOL,475,396,437,393,1226,133,193,18,1.4511278195488722,9.32642487046632,28,53.3,2595,16.7,11.5,126,19.3,35.1,20.1,25.1,56.4,43.6,620,57.1,16,Brooklyn,40.5823083630004,-73.96746574699966
21K412/21K411,ABRAHAM LINCOLN YABC/LEARNING TO WORK GED AT ABRAHAM LINCOLN,NA,NA,NA,NA,NA,2.5,NA,NA,NA,NA,NA,NA,NA,NA,NA,NA,NA,NA,NA,NA,NA,NA,NA,NA,NA,NA,NA,NA
21K468,KINGSBOROUGH EARLY COLLEGE SCHOOL,NA,NA,NA,NA,NA,2.5,NA,NA,NA,NA,25,70,472,2.8,15.7,0,7.2,25,22.7,44.7,57.8,42.2,NA,NA,NA,Brooklyn,40.5935938110004,-73.98472923199967
21K525,EDWARD R. MURROW HIGH SCHOOL,727,468,496,467,1431,397,577,307,1.4534005037783375,53.20623916811091,30,28.5,4022,9.1,14.1,249,27.1,24.1,17.6,30.8,42.4,57.6,938,74.8,5.9,Brooklyn,40.6205043580004,-73.95923393299967
21K540,JOHN DEWEY HIGH SCHOOL,448,404,468,390,1262,232,370,154,1.5948275862068966,41.62162162162162,28,58.7,2168,19.6,8.7,83,39.1,30.6,19.1,10.8,51.5,48.5,603,57.5,12.6,Brooklyn,40.58923809800046,-73.981746523999675
21K559,LIFE ACADEMY HIGH SCHOOL FOR FILM AND MUSIC,40,384,375,365,1124,2.5,NA,NA,NA,NA,24,72,251,4.8,20.3,6,4.8,44.6,29.9,20.3,51,49,1,NA,NA,Brooklyn,40.5935938110004,-73.98472923199967
21K572,EXPEDITIONARY LEARNING SCHOOL FOR COMMUNITY LEADERS,40,353,370,356,1079,2.5,NA,NA,NA,NA,21,64.4,226,21.7,16.4,3,19.5,19.5,41.2,19.5,51.3,48.7,3,NA,NA,Brooklyn,40.5935938110004,-73.98472923199967
21K620,WILLIAM E. GRADY CAREER AND TECHNICAL EDUCATION HIGH SCHOOL,95,394,414,376,1184,2.5,NA,NA,NA,NA,26,74.3,956,3.1,22.7,100,3.2,74.9,14,6.9,78,22,281,42.3,21.4,Brooklyn,40.5825480380004,-73.96371622099963
21K690,BROOKLYN STUDIO SECONDARY SCHOOL,119,429,449,435,1313,39,43,13,1.1025641025641026,30.23255813953488,27,49.9,876,8.4,18.7,3,12.8,7.2,23.1,56.5,50.1,49.9,140,67.9,15,Brooklyn,40.604877,-73.99441715399968
21K728,LIBERATION DIPLOMA PLUS,10,411,369,373,1153,2.5,NA,NA,NA,NA,15,82.3,191,1.6,6.3,1,2.6,44,37.7,15.2,41.9,58.1,65,26.2,12.3,NA,NA,NA
22K405,MIDWOOD HIGH SCHOOL,824,478,519,476,1473,745,1223,758,1.6416107382550336,61.97874080130826,32,41.2,3842,3.7,5.2,68,31.7,35.2,11.7,21.2,45.3,54.7,872,86.8,1.6,Brooklyn,40.6333354940004,-73.95291606399962
22K425,JAMES MADISON HIGH SCHOOL,518,436,475,439,1350,323,463,188,1.4334365325077398,40.60475161987041,30,58.3,3076,13.2,12.4,118,20.8,17.9,14.5,46.4,54.4,45.6,1076,66.3,13.8,Brooklyn,40.6097584810004,-73.94845183699965
22K495,SHEEPSHEAD BAY HIGH SCHOOL,236,383,392,370,1145,37,59,27,1.5945945945945945,45.76271186440678,26,53.1,1928,21.7,13.1,122,12,61.8,15.8,10.1,53.2,46.8,537,57.9,21.8,NA,NA,NA
22K535,LEON M. GOLDSTEIN HIGH SCHOOL FOR THE SCIENCES,259,524,561,542,1627,367,575,382,1.5667574931880108,66.43478260869566,32,29,1022,0.5,7.3,0,13.5,9.4,10.8,65.6,41.2,58.8,253,96.4,2.4,Brooklyn,40.580847136,-73.93608856899965
22K555,BROOKLYN COLLEGE ACADEMY,131,456,456,440,1352,2.5,NA,NA,NA,NA,26,48.4,630,0.2,1.7,0,5.9,77.9,12.4,2.7,36.3,63.7,120,95.8,0,Brooklyn,40.6492006270004,-73.97169462099964
23K493,BROOKLYN COLLEGIATE: A COLLEGE BOARD SCHOOL,60,389,409,387,1185,15,16,NA,1.0666666666666667,NA,25,74.5,580,1.6,12.1,27,1.9,88.1,8.3,0.5,50.7,49.3,70,62.9,7.1,Brooklyn,40.6741373830004,-73.91349449099965
23K514,FREDERICK DOUGLASS ACADEMY VII HIGH SCHOOL,55,361,371,359,1091,39,40,NA,1.0256410256410255,NA,23,66.9,365,1.4,20.3,21,0.8,88.5,10.4,0,48.5,51.5,92,70.7,6.5,Brooklyn,40.66581091200049,-73.91169964499966
23K643,BROOKLYN DEMOCRACY ACADEMY,11,349,338,331,1018,2.5,NA,NA,NA,NA,NA,62.3,205,2.4,16.1,4,1.5,85.9,11.7,0.5,47.8,52.2,97,26.8,11.3,NA,NA,NA
23K646,ASPIRATIONS DIPLOMA PLUS HIGH SCHOOL,7,311,371,311,993,2.5,NA,NA,NA,NA,19,72.5,275,2.2,7.3,1,1.5,77.8,20,0.4,46.2,53.8,117,13.7,29.1,NA,NA,NA
23K647,METROPOLITAN DIPLOMA PLUS HIGH SCHOOL,17,350,346,332,1028,2.5,NA,NA,NA,NA,21,72.1,181,1.1,8.8,1,0,86.2,13.8,0,48.6,51.4,97,22.7,16.5,NA,NA,NA
23K697,TEACHERS PREPARATORY HIGH SCHOOL,69,392,416,388,1196,33,37,NA,1.121212121212121,NA,25,69.8,566,1.8,11,35,0.7,84.8,13.1,1.2,34.1,65.9,99,72.7,3,Brooklyn,40.66581091200049,-73.91169964499966
24Q264,ACADEMY OF FINANCE AND ENTERPRISE,89,405,454,421,1280,95,137,40,1.4421052631578948,29.1970802919708,24,62.8,420,7.9,9.8,2,17.9,9.8,56.4,15.2,49.3,50.7,90,90,2.2,Queens,40.7450935190004,-73.93681389799963
24Q267,HIGH SCHOOL OF APPLIED COMMUNICATION,39,406,413,400,1219,46,48,NA,1.0434782608695652,NA,22,66.9,388,10.3,16.2,2,13.9,12.9,57.2,16,43.8,56.2,101,80.2,3,Queens,40.7450935190004,-73.93681389799963
24Q293,CIVIC LEADERSHIP ACADEMY,69,404,429,407,1240,2.5,NA,NA,NA,NA,23,71,449,9.1,18.5,4,7.8,9.1,79.3,3.3,44.5,55.5,NA,NA,NA,Queens,40.7433028730004,-73.87057497699965
24Q296,PAN AMERICAN INTERNATIONAL HIGH SCHOOL,55,317,323,311,951,2.5,NA,NA,NA,NA,20,78.3,366,91.3,0.8,0,0,0,100,0,47.8,52.2,1,NA,NA,Queens,40.7433028730004,-73.87057497699965
24Q299,BARD HIGH SCHOOL EARLY COLLEGE II,155,545,568,550,1663,2.5,NA,NA,NA,NA,20,39.2,631,0.3,0,NA,32,16.2,21.2,30.3,39.3,60.7,50,96,0,Queens,40.7450935190004,-73.93681389799963
24Q455,NEWTOWN HIGH SCHOOL,320,383,440,380,1203,174,200,117,1.1494252873563218,58.5,27,56.2,2572,30,10.3,112,24.6,9.3,60.3,5.3,57.5,42.5,773,49.4,16.2,Queens,40.7412052000004,-73.87472988399963
24Q457,YOUNG ADULT BOROUGH CENTER AT ARTS AND BUSINESS HS,NA,NA,NA,NA,NA,2.5,NA,NA,NA,NA,NA,NA,NA,NA,NA,NA,NA,NA,NA,NA,NA,NA,NA,NA,NA,NA,NA,NA
24Q485,GROVER CLEVELAND HIGH SCHOOL,241,395,420,396,1211,200,274,112,1.37,40.87591240875913,27,41.4,2069,21.6,12.7,122,9.1,4.4,63.5,22.7,55,45,703,54.2,17.1,Queens,40.7112221950004,-73.90865212999967
24Q520,MIDDLE COLLEGE HIGH SCHOOL AT LAGUARDIA COMMUNITY COLLEGE,58,399,393,385,1177,2.5,NA,NA,NA,NA,18,58.9,497,0.2,13.1,0,7.8,9.5,71.4,11.3,52.9,47.1,94,70.2,10.6,Queens,40.74414953600046,-73.93362674099967
24Q530,INTERNATIONAL HIGH SCHOOL AT LAGUARDIA COMMUNITY COLLEGE,69,326,409,329,1064,2.5,NA,NA,NA,NA,17,75.7,493,76.5,0,NA,43,2,44,10.3,46,54,124,48.4,8.1,Queens,40.74414953600046,-73.93362674099967
24Q550,HIGH SCHOOL FOR ARTS AND BUSINESS,138,391,403,380,1174,198,320,73,1.6161616161616161,22.8125,27,69.6,828,13.3,12.2,7,9.1,8.3,79.2,3,43.1,56.9,187,67.4,9.1,Queens,40.7374181700004,-73.85330572999965
24Q560,"ROBERT F. WAGNER, JR. SECONDARY SCHOOL FOR ARTS AND TECHNOLOGY",80,443,447,440,1330,2.5,NA,NA,NA,NA,26,60.5,601,3.8,12.3,2,20.8,6.2,62.4,10.5,46.6,53.4,95,62.1,4.2,Queens,40.74226351500044,-73.93687612099967
24Q600,QUEENS VOCATIONAL AND TECHNICAL HIGH SCHOOL,155,417,447,406,1270,27,27,20,1,74.07407407407408,28,71.9,1368,6.4,13.7,62,10.2,6.9,74.2,8.7,60.3,39.7,271,70.8,10.7,Queens,40.7421886940004,-73.92824329199965
24Q610,AVIATION CAREER & TECHNICAL EDUCATION HIGH SCHOOL,396,445,496,423,1364,130,140,61,1.0769230769230769,43.57142857142857,28,61.2,2201,3.2,5.3,49,27.1,6.8,55.3,10.1,85.3,14.7,368,74.5,1.4,Queens,40.743593644,-73.92907786499967
24Q744,VOYAGES PREPARATORY,NA,NA,NA,NA,NA,2.5,NA,NA,NA,NA,NA,59.1,248,3.6,6,0,8.1,23,61.7,6.9,50.4,49.6,85,11.8,11.8,NA,NA,NA
25Q252,"QUEENS SCHOOL OF INQUIRY, THE",58,455,498,443,1396,2.5,NA,NA,NA,NA,25,41.3,587,2.7,11.8,0,40.2,17,24.2,18.1,46.7,53.3,NA,NA,NA,Queens,40.7245229840004,-73.80942798999968
25Q263,FLUSHING INTERNATIONAL HIGH SCHOOL,45,314,417,318,1049,2.5,NA,NA,NA,NA,19,84.1,422,88.6,0.7,0,64.5,1.2,32.7,1.7,57.3,42.7,86,59.3,10.5,Queens,40.76041417000044,-73.81837627799968
25Q281,EASTsWEST SCHOOL OF INTERNATIONAL STUDIES,59,416,463,392,1271,2.5,NA,NA,NA,NA,29,53.3,616,13.6,9.4,1,62.7,14.8,17.9,3.4,54.1,45.9,75,85.3,0,Queens,40.7493028050004,-73.82180810599965
25Q285,WORLD JOURNALISM PREPARATORY: A COLLEGE BOARD SCHOOL,63,471,489,481,1441,65,87,18,1.3384615384615384,20.689655172413794,25,33.5,595,0.8,17.8,0,19.3,8.4,20.3,51.6,42.2,57.8,82,86.6,1.2,Queens,40.7651232730004,-73.79005967599966
25Q425,JOHN BOWNE HIGH SCHOOL,558,397,451,395,1243,176,229,116,1.3011363636363635,50.65502183406113,29,68.2,3660,24.7,9.8,162,34.3,19.2,40.7,5.2,49.2,50.8,688,56.1,20.6,Queens,40.7386972030004,-73.82479482099967
25Q460,FLUSHING HIGH SCHOOL,347,393,441,382,1216,324,424,136,1.308641975308642,32.075471698113205,30,67.6,3113,20,11.7,137,19.9,26.5,49.8,3.2,55.8,44.2,588,56.5,20.7,Queens,40.76524347100047,-73.82785528199963
25Q467,FLUSHING YABC,9,378,373,344,1095,2.5,NA,NA,NA,NA,NA,NA,NA,NA,NA,NA,NA,NA,NA,NA,NA,NA,NA,NA,NA,NA,NA,NA
25Q525,TOWNSEND HARRIS HIGH SCHOOL,278,621,651,638,1910,613,796,625,1.298531810766721,78.5175879396985,29,29.2,1140,0,0.2,0,55.5,5.9,12.9,24.6,28.9,71.1,278,100,0,Queens,40.7344084100004,-73.82141748299966
25Q540,QUEENS ACADEMY HIGH SCHOOL,17,398,382,388,1168,2.5,NA,NA,NA,NA,24,NA,NA,NA,NA,NA,NA,NA,NA,NA,NA,NA,141,22,10.6,NA,NA,NA
25Q670,ROBERT F. KENNEDY COMMUNITY HIGH SCHOOL,99,431,458,441,1330,77,112,43,1.4545454545454546,38.392857142857146,30,46.4,721,7.5,18.4,7,28.4,11.5,35.4,24.5,53.8,46.2,159,56.6,8.200000000000001,Queens,40.7256031610004,-73.81072114699964
25Q792,NORTH QUEENS COMMUNITY HIGH SCHOOL,7,379,421,377,1177,2.5,NA,NA,NA,NA,20,54.1,198,1.5,11.6,1,10.1,42.4,33.3,14.1,45.5,54.5,62,19.4,11.3,NA,NA,NA
26Q415,BENJAMIN N. CARDOZO HIGH SCHOOL,888,480,545,489,1514,676,1145,796,1.6937869822485208,69.51965065502183,31,37.3,3912,6.1,11.5,173,45.7,18.4,18.6,16.8,47.4,52.6,981,80.1,4.5,Queens,40.7523924240004,-73.75608335799967
26Q430,FRANCIS LEWIS HIGH SCHOOL,934,468,539,467,1474,697,1033,583,1.4820659971305596,56.437560503388184,30,51.6,4152,13.2,12.3,214,51.9,8.3,24.1,15.5,49.2,50.8,1209,74.2,5.1,Queens,40.7405557140004,-73.79284814599964
26Q435,MARTIN VAN BUREN HIGH SCHOOL,334,391,397,384,1172,71,101,15,1.4225352112676057,14.85148514851485,27,38.2,2390,9.9,11.5,138,24.1,56.4,15.1,2.9,54.3,45.7,755,62.8,8.5,Queens,40.7328171090004,-73.73965041299965
26Q495,BAYSIDE HIGH SCHOOL,708,462,523,464,1449,480,686,413,1.4291666666666667,60.204081632653065,32,52.4,3308,5.7,10.6,119,45.2,12.7,22.3,19.6,49.4,50.6,902,80.2,6.4,Queens,40.77186724200049,-73.78038695199967
26Q566,"QUEENS HIGH SCHOOL OF TEACHING, LIBERAL ARTS AND THE SCIENCES",175,425,434,420,1279,2.5,NA,NA,NA,NA,29,39.5,1196,2.5,13.9,18,23.8,46.3,16.8,12.3,45.8,54.2,281,83.6,3.2,Queens,40.74490436100046,-73.72690964199967
27Q260,FREDERICK DOUGLASS ACADEMY VI HIGH SCHOOL,87,387,385,373,1145,2.5,NA,NA,NA,NA,25,57.1,445,4,13.9,23,3.8,67,27,1.3,52.6,47.4,95,71.6,4.2,Queens,40.60198933600048,-73.76283432299965
27Q262,CHANNEL VIEW SCHOOL FOR RESEARCH,74,432,419,401,1252,43,69,18,1.6046511627906976,26.08695652173913,26,58,636,1.3,10.5,12,5.7,55.2,27.5,11.2,51.1,48.9,71,94.4,0,Queens,40.5860071870004,-73.82308944399966
27Q302,"QUEENS HIGH SCHOOL FOR INFORMATION, RESEARCH, AND TECHNOLOGY",44,391,401,364,1156,2.5,NA,NA,NA,NA,23,75.7,310,10.6,16.1,14,4.2,60.3,30,4.5,54.5,45.5,2,NA,NA,Queens,40.60198933600048,-73.76283432299965
27Q308,ROBERT H. GODDARD HIGH SCHOOL OF COMMUNICATION ARTS AND TECHNOLOGY,93,423,426,416,1265,2.5,NA,NA,NA,NA,30,66.4,578,3.6,15.9,45,26.8,7.6,42.6,21.8,48.1,51.9,NA,NA,NA,Queens,40.671769478,-73.84497773899966
27Q309,ACADEMY OF MEDICAL TECHNOLOGY: A COLLEGE BOARD SCHOOL,36,367,379,348,1094,2.5,NA,NA,NA,NA,23,64.2,527,10.6,14,20,9.1,52.6,34.2,3.2,43.8,56.2,NA,NA,NA,Queens,40.60198933600048,-73.76283432299965
27Q323,SCHOLARS' ACADEMY,89,499,537,496,1532,55,121,57,2.2,47.107438016528924,26,35.9,1062,0,1,0,22,19.2,15.9,41.6,43.9,56.1,NA,NA,NA,Queens,40.5841313740004,-73.82568121199967
27Q400,AUGUST MARTIN HIGH SCHOOL,101,377,371,360,1108,19,28,NA,1.4736842105263157,NA,29,65.1,1029,4.3,16.5,85,6.2,79.9,11.5,1.7,55.2,44.8,288,53.5,16.7,Queens,40.6755268090004,-73.78343251299964
27Q410,BEACH CHANNEL HIGH SCHOOL,78,384,396,354,1134,2.5,NA,NA,NA,NA,29,65.5,684,11.3,21.8,63,2,46.8,44.3,6.3,57.5,42.5,389,48.6,15.7,NA,NA,NA
27Q475,RICHMOND HILL HIGH SCHOOL,404,382,404,368,1154,142,170,55,1.1971830985915493,32.35294117647059,30,61.8,2585,17.4,13.7,135,32.9,16.8,46.4,3.2,53,47,867,52,19.8,Queens,40.695649222,-73.83358480499965
27Q480,JOHN ADAMS HIGH SCHOOL,403,391,409,392,1192,140,168,33,1.2,19.642857142857142,27,75.5,3386,16,12.1,147,27.5,27.7,37.1,3.6,54.5,45.5,808,56.9,17.6,Queens,40.67983140100045,-73.83832266399963
27Q650,"HIGH SCHOOL FOR CONSTRUCTION TRADES, ENGINEERING AND ARCHITECTURE",194,429,491,425,1345,91,109,21,1.1978021978021978,19.26605504587156,27,53.7,924,0.4,5.8,0,30.7,11.3,41.6,15.4,67.3,32.7,177,88.1,1.1,Queens,40.6893968260004,-73.84064100099965
28Q284,YORK EARLY COLLEGE ACADEMY,NA,NA,NA,NA,NA,2.5,NA,NA,NA,NA,25,60.2,489,0,9.6,0,23.5,64.2,10.2,0.6,51.1,48.9,NA,NA,NA,Queens,40.6969373580004,-73.78698154099965
28Q310,QUEENS COLLEGIATE: A COLLEGE BOARD SCHOOL,68,420,445,400,1265,2.5,NA,NA,NA,NA,23,61.5,529,8.1,12.3,1,27,49,18.5,3,49.9,50.1,NA,NA,NA,Queens,40.71357745900047,-73.79651782499963
28Q325,HILLSIDE ARTS & LETTERS ACADEMY,NA,NA,NA,NA,NA,2.5,NA,NA,NA,NA,23,65.6,200,12.5,11,4,28,39,21,6.5,47,53,NA,NA,NA,Queens,40.71357745900047,-73.79651782499963
28Q338,QUEENS SATELLITE HIGH SCHOOL FOR OPPORTUNITY,6,403,408,367,1178,2.5,NA,NA,NA,NA,28,74.5,251,2,6,1,2.4,61.4,17.5,10,45.4,54.6,NA,NA,NA,NA,NA,NA
28Q350,JAMAICA GATEWAY TO THE SCIENCES,25,430,452,425,1307,2.5,NA,NA,NA,NA,NA,60,224,4.5,7.1,3,45.1,36.6,15.2,2.7,46.4,53.6,NA,NA,NA,Queens,40.71357745900047,-73.79651782499963
28Q440,FOREST HILLS HIGH SCHOOL,762,456,497,454,1407,733,1116,526,1.5225102319236017,47.132616487455195,31,41.2,3834,8.9,11.3,147,26.5,9,30.2,33.7,48.1,51.9,959,84.6,2.5,Queens,40.72943157200046,-73.84562907299966
28Q470,JAMAICA HIGH SCHOOL,90,342,368,353,1063,64,76,8,1.1875,10.526315789473683,25,55.8,564,29.4,14,34,31,41.7,25.9,1.1,58.9,41.1,394,48.2,18.8,NA,NA,NA
28Q505,HILLCREST HIGH SCHOOL,462,395,413,386,1194,241,362,50,1.5020746887966805,13.812154696132598,29,65,3103,15,9,40,36.5,36.6,22.8,2.9,46.1,53.9,766,64,12.4,Queens,40.7087575550004,-73.80212748599968
28Q620,THOMAS A. EDISON CAREER AND TECHNICAL EDUCATION HIGH SCHOOL,422,452,478,442,1372,183,244,100,1.3333333333333333,40.98360655737705,30,54.3,2252,1.4,11.4,111,50.9,23.7,21.1,3.2,65.1,34.9,819,84.9,5.4,Queens,40.7158762610004,-73.79882238899967
28Q680,QUEENS GATEWAY TO HEALTH SCIENCES SECONDARY SCHOOL,99,513,523,502,1538,89,136,57,1.5280898876404494,41.911764705882355,28,55.8,783,0.1,1.7,12,36.5,44.8,15.7,2.7,38.1,61.9,117,93.2,0,Queens,40.71881009400044,-73.80650045499965
28Q686,QUEENS METROPOLITAN HIGH SCHOOL,NA,NA,NA,NA,NA,2.5,NA,NA,NA,NA,30,47.3,663,3.6,16,20,12.1,4.8,38.6,40.4,49.6,50.4,NA,NA,NA,Queens,40.71043554800047,-73.85063015499964
28Q687,QUEENS HIGH SCHOOL FOR THE SCIENCES AT YORK COLLEGE,121,612,660,596,1868,215,338,275,1.572093023255814,81.36094674556213,26,25.6,418,0.2,0.2,0,74.4,10.5,7.9,6.7,56.5,43.5,107,95.3,0,Queens,40.700998767,-73.79815352399964
28Q690,HIGH SCHOOL FOR LAW ENFORCEMENT AND PUBLIC SAFETY,74,406,406,384,1196,19,19,NA,1,NA,29,58.3,536,2.1,16.6,42,8.4,73.7,15.1,1.3,53,47,126,76.2,7.9,Queens,40.6861780830004,-73.78408297499965
28Q896,"YOUNG WOMEN'S LEADERSHIP SCHOOL, QUEENS",68,439,445,432,1316,6,6,NA,1,NA,22,56.9,510,2.7,9,1,21,57.3,18.4,2.4,0,100,NA,NA,NA,Queens,40.7082078260004,-73.80407794599967
29Q248,QUEENS PREPARATORY ACADEMY,52,360,380,359,1099,15,15,NA,1,NA,26,52.6,441,4.5,11.3,6,5.2,84.4,8.2,0.9,56,44,95,71.6,10.5,Queens,40.6682322880004,-73.75683989399965
29Q259,PATHWAYS COLLEGE PREPARATORY SCHOOL: A COLLEGE BOARD SCHOOL,46,401,397,375,1173,29,71,NA,2.4482758620689653,NA,26,48.8,555,2.3,16,18,2.2,94.2,2.9,0.7,53.3,46.7,64,81.3,9.4,Queens,40.70638765800049,-73.75353002199967
29Q265,EXCELSIOR PREPARATORY HIGH SCHOOL,49,402,398,402,1202,2.5,NA,NA,NA,NA,25,50.8,443,2.3,14.7,9,4.3,82.8,9.7,0.5,56.9,43.1,91,60.4,2.2,Queens,40.6682322880004,-73.75683989399965
29Q272,GEORGE WASHINGTON CARVER HIGH SCHOOL FOR THE SCIENCES,59,436,427,424,1287,14,21,NA,1.5,NA,28,45,474,1.7,9.1,4,9.3,73.8,14.1,1.3,47.3,52.7,103,78.6,2.9,Queens,40.6682322880004,-73.75683989399965
29Q283,PREPARATORY ACADEMY FOR WRITERS: A COLLEGE BOARD SCHOOL,43,370,367,363,1100,40,43,NA,1.075,NA,24,51.2,473,1.9,14.4,25,3.4,84.1,10.4,0.8,43.1,56.9,36,77.8,13.9,Queens,40.6682322880004,-73.75683989399965
29Q326,CAMBRIA HEIGHTS ACADEMY,NA,NA,NA,NA,NA,2.5,NA,NA,NA,NA,22,71.1,147,2,13.6,5,3.4,87.1,7.5,2,55.1,44.9,NA,NA,NA,Queens,40.7118182200004,-73.77119187599965
29Q492,"MATHEMATICS, SCIENCE RESEARCH AND TECHNOLOGY MAGNET HIGH SCHOOL",78,400,426,394,1220,22,31,8,1.4090909090909092,25.806451612903224,24,47.9,412,5.1,10.4,22,6.8,79.6,11.9,0.7,60.4,39.6,108,67.6,9.300000000000002,Queens,40.6955363360004,-73.73491834199967
29Q494,"LAW, GOVERNMENT AND COMMUNITY SERVICE HIGH SCHOOL",52,385,377,377,1139,2.5,NA,NA,NA,NA,28,45.1,454,2.9,13.9,36,4.4,83.3,10.6,0.9,48.7,51.3,125,57.6,10.4,NA,NA,NA
29Q496,"BUSINESS, COMPUTER APPLICATIONS & ENTREPRENEURSHIP HIGH SCHOOL",49,379,414,359,1152,2.5,NA,NA,NA,NA,32,43.5,353,6.5,19,30,6.2,85.3,5.4,0.8,67.1,32.9,116,44.8,19,NA,NA,NA
29Q498,HUMANITIES & ARTS MAGNET HIGH SCHOOL,62,393,381,377,1151,2.5,NA,NA,NA,NA,28,51.5,481,3.5,14.8,9,4,85.9,8.5,1.5,42.8,57.2,94,76.6,6.4,Queens,40.6955363360004,-73.73491834199967
30Q286,"YOUNG WOMEN'S LEADERSHIP SCHOOL, ASTORIA",NA,NA,NA,NA,NA,2.5,NA,NA,NA,NA,22,68.1,495,5.5,5.3,1,39.2,4.2,40.4,16.2,0,100,NA,NA,NA,Queens,40.7712508960004,-73.92460167099966
30Q301,ACADEMY FOR CAREERS IN TELEVISION AND FILM,98,410,440,405,1255,2.5,NA,NA,NA,NA,22,54.1,419,2.9,14.6,4,6,20.5,53.5,18.9,53.2,46.8,NA,NA,NA,Queens,40.7411373280004,-73.94968859899967
30Q445,WILLIAM CULLEN BRYANT HIGH SCHOOL,395,414,449,412,1275,243,330,97,1.3580246913580247,29.393939393939394,29,33.7,2945,17.9,12.1,176,28.9,7.3,48.8,14.5,53.7,46.3,810,55.4,13.6,Queens,40.7581246750004,-73.91033330899967
30Q450,LONG ISLAND CITY HIGH SCHOOL,392,403,420,395,1218,406,805,169,1.9827586206896552,20.99378881987578,25,62.8,3386,13.2,13.8,186,13.2,11.4,62.7,12.5,51.3,48.7,718,58.5,12.8,Queens,40.76576393800047,-73.93272598499965
30Q501,FRANK SINATRA SCHOOL OF THE ARTS HIGH SCHOOL,174,504,496,494,1494,108,136,38,1.2592592592592593,27.941176470588236,28,29.7,756,0.1,1.9,0,8.7,16.9,27.2,46.3,30,70,171,94.7,1.8,Queens,40.7565280740004,-73.92514064399967
30Q502,INFORMATION TECHNOLOGY HIGH SCHOOL,148,407,434,398,1239,51,74,13,1.4509803921568627,17.56756756756757,27,73.7,917,9.6,16,44,15.6,18.1,56.6,9.4,71.8,28.2,267,67.4,12.4,Queens,40.7479235230004,-73.94656565899965
30Q555,NEWCOMERS HIGH SCHOOL,143,323,475,329,1127,119,163,140,1.3697478991596639,85.88957055214725,27,81.2,932,90.3,0,NA,48.3,5.6,43.5,2.6,53.2,46.8,214,66.4,14.5,Queens,40.75138083400048,-73.93744971899963
30Q575,ACADEMY OF AMERICAN STUDIES,135,487,492,491,1470,101,170,119,1.683168316831683,70,31,52.4,704,5.7,8,7,29.1,6.8,34.7,29.4,45,55,155,80.6,1.9,Queens,40.75130057800049,-73.93742387699967
30Q580,BACCALAUREATE SCHOOL FOR GLOBAL EDUCATION,61,524,568,544,1636,2.5,NA,NA,NA,NA,20,32.2,440,0,0.2,0,34.8,3.2,24.3,37.3,44.8,55.2,72,98.6,1.4,Queens,40.7551748330004,-73.92682361399966
31R047,CSI HIGH SCHOOL FOR INTERNATIONAL STUDIES,137,452,451,450,1353,2.5,NA,NA,NA,NA,26,29,532,0.2,13.9,7,11.5,12,17.9,58.5,41.5,58.5,80,95,1.3,Staten Island,40.5820220260004,-74.15784841899966
31R064,GAYNOR MCCOWN EXPEDITIONARY LEARNING SCHOOL,61,398,412,385,1195,2.5,NA,NA,NA,NA,24,35.4,408,1,22.8,4,5.9,15.7,17.6,60,52,48,NA,NA,NA,Staten Island,40.5820220260004,-74.15784841899966
31R080,THE MICHAEL J. PETRIDES SCHOOL,107,472,488,466,1426,162,243,66,1.5,27.160493827160494,30,32.3,1308,1.6,18.5,33,8.1,18.8,16.9,55.9,49.2,50.8,113,88.5,2.7,Staten Island,40.6074530240004,-74.10148222999965
31R440,NEW DORP HIGH SCHOOL,391,424,437,416,1277,96,118,62,1.2291666666666667,52.54237288135594,28,42.3,2658,5.9,16.9,151,7,12.1,27.3,53.3,52.5,47.5,509,73.7,8.800000000000002,Staten Island,40.569182427,-74.10730080799965
31R445,PORT RICHMOND HIGH SCHOOL,271,424,438,417,1279,194,304,76,1.5670103092783505,25,28,53.3,2151,5.3,20.9,172,6.8,30.9,37.6,24.2,54.8,45.2,519,63.6,10.6,Staten Island,40.6338429870004,-74.14210688899965
31R450,CURTIS HIGH SCHOOL,375,437,435,429,1301,247,295,90,1.194331983805668,30.508474576271187,27,54.3,2552,6.1,14.7,172,7.3,38.4,31.9,21.8,46.4,53.6,649,69.2,9.700000000000001,Staten Island,40.6447449010004,-74.08134127399967
31R455,TOTTENVILLE HIGH SCHOOL,807,462,486,470,1418,396,687,206,1.7348484848484849,29.985443959243085,30,18.4,3875,1.4,13.9,153,5.4,2.1,9.9,82.1,49.6,50.4,1069,82,8.1,Staten Island,40.52822876700048,-74.19215369799963
31R460,SUSAN E. WAGNER HIGH SCHOOL,535,455,474,459,1388,279,408,175,1.4623655913978495,42.8921568627451,29,41.4,3243,3.4,18.8,308,14.6,11.3,24.1,49.4,50.8,49.2,912,75.9,8,Staten Island,40.5986523860004,-74.12310475899966
31R470,CONCORD HIGH SCHOOL,10,466,455,414,1335,2.5,NA,NA,NA,NA,22,56.9,179,2.2,17.3,3,1.7,38,39.7,19.6,45.8,54.2,52,34.6,21.2,NA,NA,NA
31R600,RALPH R. MCKEE CAREER AND TECHNICAL EDUCATION HIGH SCHOOL,94,416,422,397,1235,2.5,NA,NA,NA,NA,28,59.7,675,3.6,26.2,69,4.6,40.3,33.2,21.6,67.1,32.9,175,55.4,9.700000000000001,Staten Island,40.64274104400044,-74.07871106299967
31R605,STATEN ISLAND TECHNICAL HIGH SCHOOL,227,635,682,636,1953,528,905,809,1.7140151515151516,89.39226519337016,30,17,1104,0.1,0.5,0,31.8,1.1,5.3,61.3,57,43,288,99.7,0,Staten Island,40.56791300300045,-74.11536224299965
31R607,YOUNG ADULT BOROUGH CENTER AT STATEN IS TECH HS,10,405,375,370,1150,2.5,NA,NA,NA,NA,NA,NA,NA,NA,NA,NA,NA,NA,NA,NA,NA,NA,NA,NA,NA,NA,NA,NA
32K403,ACADEMY FOR ENVIRONMENTAL LEADERSHIP,50,380,366,352,1098,2.5,NA,NA,NA,NA,22,88.7,362,32.9,17.7,36,0.6,21,77.1,0.8,50,50,99,66.7,10.1,Brooklyn,40.69696184800045,-73.91081593899963
32K545,EBC HIGH SCHOOL FOR PUBLIC SERVICEBUSHWICK,88,384,409,361,1154,47,64,13,1.3617021276595744,20.3125,23,86.9,606,15.3,12.2,30,1.7,9.2,88.1,0.7,52.1,47.9,161,62.7,3.7,Brooklyn,40.69448184500049,-73.92915352799963
32K549,BUSHWICK SCHOOL FOR SOCIAL JUSTICE,75,348,353,334,1035,2.5,NA,NA,NA,NA,23,75.1,434,18.2,18.4,23,0.5,28.3,68.7,1.8,48.4,51.6,97,76.3,9.300000000000002,Brooklyn,40.69696184800045,-73.91081593899963
32K552,ACADEMY OF URBAN PLANNING,67,342,364,354,1060,76,100,10,1.3157894736842106,10,24,77.1,398,23.9,22.1,47,1.5,26.4,70.4,1,54.5,45.5,115,47.8,8.700000000000001,Brooklyn,40.69696184800045,-73.91081593899963
32K554,ALL CITY LEADERSHIP SECONDARY SCHOOL,39,428,465,422,1315,7,8,NA,1.1428571428571428,NA,18,81.4,263,2.7,4.9,2,5.3,12.9,79.5,1.5,52.1,47.9,43,83.7,4.7,Brooklyn,40.6974077960004,-73.91315346199963
32K556,BUSHWICK LEADERS HIGH SCHOOL FOR ACADEMIC EXCELLENCE,23,347,358,350,1055,34,35,18,1.0294117647058822,51.42857142857142,25,88,462,18.2,18.6,51,0.9,21.2,77.3,0,53.2,46.8,117,55.6,18.8,Brooklyn,40.6949957630004,-73.92798626699965
32K564,BUSHWICK COMMUNITY HIGH SCHOOL,24,359,317,358,1034,2.5,NA,NA,NA,NA,25,NA,NA,NA,NA,NA,NA,NA,NA,NA,NA,NA,128,7.8,40.6,NA,NA,NA
75K371,P.S. 371 s LILLIAN L. RASHKIS,NA,NA,NA,NA,NA,2.5,NA,NA,NA,NA,NA,NA,NA,NA,NA,NA,NA,NA,NA,NA,NA,NA,NA,NA,NA,NA,NA,NA
75M035,P.S. 035,NA,NA,NA,NA,NA,2.5,NA,NA,NA,NA,NA,NA,NA,NA,NA,NA,NA,NA,NA,NA,NA,NA,NA,NA,NA,NA,NA,NA
75Q256,P.S. Q256,NA,NA,NA,NA,NA,2.5,NA,NA,NA,NA,NA,NA,NA,NA,NA,NA,NA,NA,NA,NA,NA,NA,NA,NA,NA,NA,NA,NA
75Q811,P.S. Q811,32,429,444,433,1306,2.5,NA,NA,NA,NA,NA,NA,NA,NA,NA,NA,NA,NA,NA,NA,NA,NA,NA,NA,NA,NA,NA,NA
75R025,SOUTH RICHMOND HIGH SCHOOL I.S./P.S. 25,NA,NA,NA,NA,NA,2.5,NA,NA,NA,NA,NA,NA,NA,NA,NA,NA,NA,NA,NA,NA,NA,NA,NA,NA,NA,NA,NA,NA
75X012,P.S. X012 LEWIS AND CLARK SCHOOL,NA,NA,NA,NA,NA,2.5,NA,NA,NA,NA,NA,NA,NA,NA,NA,NA,NA,NA,NA,NA,NA,NA,NA,NA,NA,NA,NA,NA
75X754,J. M. RAPPORT SCHOOL CAREER DEVELOPMENT,NA,NA,NA,NA,NA,2.5,NA,NA,NA,NA,NA,NA,NA,NA,NA,NA,NA,NA,NA,NA,NA,NA,NA,NA,NA,NA,NA,NA
79M645,SCHOOL FOR COOPERATIVE TECHNICAL EDUCATION,NA,NA,NA,NA,NA,2.5,NA,NA,NA,NA,NA,NA,NA,NA,NA,NA,NA,NA,NA,NA,NA,NA,NA,NA,NA,NA,NA,NA
79Q950,GED PLUS s CITYWIDE,8,496,400,426,1322,2.5,NA,NA,NA,NA,NA,NA,NA,NA,NA,NA,NA,NA,NA,NA,NA,NA,NA,NA,NA,NA,NA,NA
79X490,PHOENIX ACADEMY,9,367,370,360,1097,2.5,NA,NA,NA,NA,NA,NA,NA,NA,NA,NA,NA,NA,NA,NA,NA,NA,NA,NA,NA,NA,NA,NA
